3 Early M,0 Mid M,7 Expanding M,1 Late M,10 Senescent M,5 Early E,13 Expanding E,4 Abaxial E,6 Adaxial E,8 Senescent E,14 Guard cell,2 Vasculature,11 PPP,9 Phloem,16 Myrosinase,12 S phase,15 G2M phase
AT1G01950,AT1G07380,AT1G07520,AT1G07520,AT1G01770,AT1G11410,AT1G01770,AT1G02110,AT1G01770,AT1G01770,AT1G02500,AT1G09460,AT1G03300,AT1G07990,AT1G08680,AT1G01950,AT1G04030
AT1G08460,AT1G11860,AT1G14280,AT1G09160,AT1G02500,AT1G14560,AT1G02110,AT1G04030,AT1G02110,AT1G02110,AT1G05620,AT1G17150,AT1G09460,AT1G09460,AT1G08940,AT1G07990,AT1G14530
AT1G08680,AT1G14710,AT1G14710,AT1G11860,AT1G07990,AT1G17920,AT1G02500,AT1G05620,AT1G02500,AT1G03290,AT1G08460,AT1G24100,AT1G14530,AT1G17150,AT1G09460,AT1G08680,AT1G14710
AT1G20400,AT1G20470,AT1G14770,AT1G20470,AT1G08680,AT1G26762,AT1G05620,AT1G08940,AT1G03290,AT1G03300,AT1G08940,AT1G31500,AT1G15750,AT1G18050,AT1G11300,AT1G09460,AT1G17070
AT1G20980,AT1G29910,AT1G17150,AT1G29620,AT1G08840,AT1G30600,AT1G07650,AT1G11300,AT1G04030,AT1G04030,AT1G14280,AT1G32520,AT1G19090,AT1G19090,AT1G15165,AT1G11960,AT1G18050
AT1G26762,AT1G32010,AT1G18550,AT1G29910,AT1G11410,AT1G34790,AT1G08190,AT1G11350,AT1G05620,AT1G05620,AT1G14560,AT1G49230,AT1G21060,AT1G20400,AT1G17070,AT1G14770,AT1G20980
AT1G29910,AT1G34042,AT1G18660,AT1G30540,AT1G14530,AT1G42550,AT1G08940,AT1G11410,AT1G08840,AT1G07990,AT1G17150,AT1G50055,AT1G24100,AT1G25280,AT1G17150,AT1G17070,AT1G25280
AT1G33680,AT1G37113,AT1G26380,AT1G32520,AT1G15750,AT1G47280,AT1G10850,AT1G14530,AT1G11300,AT1G08190,AT1G18050,AT1G53680,AT1G25280,AT1G26390,AT1G19090,AT1G19090,AT1G26390
AT1G34042,AT1G47578,AT1G26940,AT1G35240,AT1G17450,AT1G52905,AT1G11300,AT1G14560,AT1G11310,AT1G08680,AT1G19370,AT1G60800,AT1G26410,AT1G29620,AT1G24100,AT1G29620,AT1G26410
AT1G35515,AT1G47580,AT1G29440,AT1G37113,AT1G18050,AT1G53680,AT1G11310,AT1G17920,AT1G11350,AT1G08840,AT1G20470,AT1G62560,AT1G30360,AT1G32010,AT1G27960,AT1G35240,AT1G26940
AT1G42970,AT1G70790,AT1G29460,AT1G40104,AT1G18450,AT1G58080,AT1G11350,AT1G18450,AT1G11410,AT1G11310,AT1G20650,AT1G62760,AT1G31500,AT1G32550,AT1G30600,AT1G35890,AT1G27370
AT1G47578,AT2G05060,AT1G29910,AT1G42960,AT1G18660,AT1G62030,AT1G14530,AT1G19370,AT1G14280,AT1G11350,AT1G23030,AT1G66140,AT1G35515,AT1G32700,AT1G32010,AT1G44800,AT1G34060
AT1G47580,AT2G05360,AT1G34060,AT1G42970,AT1G19370,AT1G62035,AT1G14560,AT1G21060,AT1G14560,AT1G11410,AT1G23480,AT1G74090,AT1G35580,AT1G34042,AT1G34790,AT1G47280,AT1G34790
AT1G50520,AT2G05995,AT1G34110,AT1G43145,AT1G20400,AT1G65990,AT1G14770,AT1G21890,AT1G17070,AT1G11960,AT1G26380,AT2G01590,AT1G35820,AT1G34370,AT1G35240,AT1G47480,AT1G35515
AT1G53720,AT2G06908,AT1G35890,AT1G47578,AT1G20470,AT1G67481,AT1G15750,AT1G21980,AT1G17920,AT1G14530,AT1G26400,AT2G01990,AT1G47280,AT1G35240,AT1G35820,AT1G47660,AT1G42540
AT1G54510,AT2G07213,AT1G42960,AT1G47580,AT1G20980,AT1G68845,AT1G17920,AT1G23030,AT1G17930,AT1G14560,AT1G26762,AT2G04190,AT1G49230,AT1G35820,AT1G36160,AT1G51172,AT1G42960
AT1G65990,AT2G10940,AT1G45191,AT1G56270,AT1G26410,AT1G70830,AT1G17930,AT1G26380,AT1G19110,AT1G15750,AT1G28440,AT2G05920,AT1G52905,AT1G36730,AT1G36730,AT1G52905,AT1G44800
AT1G70790,AT2G11005,AT1G47578,AT1G62760,AT1G26940,AT1G70850,AT1G18050,AT1G26400,AT1G19370,AT1G15780,AT1G29060,AT2G07681,AT1G53190,AT1G37113,AT1G37113,AT1G63050,AT1G47480
AT2G07779,AT2G15420,AT1G47580,AT1G67635,AT1G27370,AT2G04378,AT1G18660,AT1G27960,AT1G19750,AT1G17450,AT1G29460,AT2G07763,AT1G53350,AT1G40104,AT1G40104,AT1G63690,AT1G50055
AT2G07835,AT2G39805,AT1G50055,AT1G68110,AT1G27430,AT2G04380,AT1G19750,AT1G28440,AT1G21060,AT1G17920,AT1G29540,AT2G07779,AT1G56270,AT1G43145,AT1G43145,AT1G67635,AT1G50520
AT2G10940,AT3G12360,AT1G56270,AT1G68872,AT1G27960,AT2G07599,AT1G21980,AT1G29440,AT1G21890,AT1G17930,AT1G30600,AT2G07787,AT1G58602,AT1G47280,AT1G47530,AT1G70790,AT1G51440
AT2G10950,AT3G14630,AT1G68110,AT1G70790,AT1G29440,AT2G07667,AT1G23030,AT1G29460,AT1G21980,AT1G18050,AT1G31270,AT2G07835,AT1G60025,AT1G47660,AT1G47660,AT1G78550,AT1G52905
AT2G13360,AT3G22220,AT1G70790,AT1G70850,AT1G29910,AT2G07669,AT1G23480,AT1G32450,AT1G23030,AT1G18450,AT1G31910,AT2G14750,AT1G65990,AT1G49230,AT1G50430,AT1G79000,AT1G53680
AT2G13550,AT3G26290,AT1G70890,AT1G72610,AT1G30360,AT2G07674,AT1G23870,AT1G32780,AT1G23480,AT1G18660,AT1G34630,AT2G19420,AT1G66173,AT1G51172,AT1G50520,AT1G79380,AT1G58080
AT2G15420,AT3G26650,AT1G72610,AT2G01023,AT1G30600,AT2G07676,AT1G26380,AT1G35890,AT1G25280,AT1G19110,AT1G34790,AT2G22840,AT1G66290,AT1G56530,AT1G51172,AT2G03690,AT1G58440
AT2G22890,AT3G30770,AT1G75300,AT2G01590,AT1G31500,AT2G07681,AT1G26390,AT1G44100,AT1G26400,AT1G19220,AT1G35515,AT2G25630,AT1G68210,AT1G58080,AT1G52310,AT2G07599,AT1G58602
AT2G26120,AT3G45140,AT1G76540,AT2G01918,AT1G32010,AT2G07687,AT1G26410,AT1G45191,AT1G26410,AT1G19370,AT1G35890,AT3G19540,AT1G70890,AT1G58265,AT1G53350,AT2G07698,AT1G62560
AT2G26470,AT3G45820,AT1G79270,AT2G05060,AT1G34042,AT2G07698,AT1G26420,AT1G48660,AT1G26420,AT1G20400,AT1G44100,AT3G20100,AT1G71350,AT1G62760,AT1G53500,AT2G07706,AT1G65570
AT2G33810,AT3G46668,AT1G79380,AT2G05995,AT1G34060,AT2G07706,AT1G26940,AT1G51440,AT1G26762,AT1G20470,AT1G45191,AT3G23020,AT1G73630,AT1G64790,AT1G53680,AT2G07714,AT1G65990
AT2G33815,AT3G46670,AT2G01590,AT2G07785,AT1G34370,AT2G07714,AT1G27370,AT1G51580,AT1G27370,AT1G20650,AT1G47280,AT3G26030,AT1G74090,AT1G65840,AT1G54040,AT2G07721,AT1G66290
AT2G34730,AT3G49142,AT2G01730,AT2G07981,AT1G35410,AT2G07715,AT1G28440,AT1G53500,AT1G28440,AT1G20980,AT1G50055,AT3G27990,AT1G74780,AT1G66173,AT1G55250,AT2G07754,AT1G66320
AT2G34970,AT3G50250,AT2G01918,AT2G08986,AT1G35710,AT2G07721,AT1G29440,AT1G54040,AT1G28680,AT1G21060,AT1G50160,AT3G43800,AT1G75295,AT1G66290,AT1G56530,AT2G07779,AT1G68190
AT2G44830,AT3G59530,AT2G01990,AT2G10606,AT1G35820,AT2G07722,AT1G29460,AT1G55250,AT1G28685,AT1G21980,AT1G50430,AT3G44780,AT1G75300,AT1G68470,AT1G56570,AT2G07798,AT1G69080
AT3G03405,AT3G60290,AT2G05995,AT2G10940,AT1G36160,AT2G07727,AT1G29540,AT1G56010,AT1G29440,AT1G23030,AT1G50520,AT3G45820,AT1G78470,AT1G71140,AT1G58440,AT2G11810,AT1G70850
AT3G13405,AT4G00005,AT2G10606,AT2G13360,AT1G36730,AT2G07754,AT1G33680,AT1G56570,AT1G29460,AT1G23310,AT1G51440,AT3G46120,AT1G79050,AT1G73630,AT1G58602,AT2G14288,AT1G74090
AT3G26290,AT4G01130,AT2G10940,AT2G14560,AT1G37113,AT2G07763,AT1G34042,AT1G58265,AT1G29540,AT1G23480,AT1G53500,AT3G47960,AT1G79380,AT1G74780,AT1G62975,AT2G14870,AT1G76170
AT3G45820,AT4G07670,AT2G10950,AT2G16500,AT1G42540,AT2G07765,AT1G34370,AT1G58440,AT1G30360,AT1G25280,AT1G54040,AT4G04610,AT2G01990,AT1G79000,AT1G64790,AT2G18800,AT2G01990
AT3G46668,AT4G07932,AT2G14750,AT2G22890,AT1G42550,AT2G07774,AT1G34630,AT1G58602,AT1G32450,AT1G27360,AT1G54060,AT4G10603,AT2G03620,AT1G79050,AT1G65840,AT2G19420,AT2G03520
AT3G46670,AT4G09500,AT2G18010,AT2G24070,AT1G43145,AT2G07775,AT1G35410,AT1G60800,AT1G32780,AT1G27430,AT1G54090,AT4G14050,AT2G04190,AT2G01023,AT1G65990,AT2G23200,AT2G07213
AT3G49142,AT4G10120,AT2G22720,AT2G34430,AT1G44100,AT2G07779,AT1G35515,AT1G61360,AT1G33680,AT1G27960,AT1G56010,AT4G30350,AT2G04378,AT2G01918,AT1G66173,AT2G23740,AT2G07215
AT3G56210,AT4G14340,AT2G22890,AT2G36750,AT1G47578,AT2G07787,AT1G35580,AT1G62030,AT1G34790,AT1G28440,AT1G56230,AT4G36910,AT2G04380,AT2G01990,AT1G67900,AT2G24070,AT2G07599
AT3G60290,AT4G26730,AT2G23090,AT2G39805,AT1G47660,AT2G07795,AT1G35880,AT1G62035,AT1G35890,AT1G28680,AT1G60025,AT5G01230,AT2G04622,AT2G03520,AT1G68210,AT2G29040,AT2G07667
AT4G00005,AT5G05590,AT2G23200,AT2G39920,AT1G49230,AT2G07798,AT1G35890,AT1G62760,AT1G42540,AT1G28685,AT1G60270,AT5G04267,AT2G07727,AT2G04190,AT1G68470,AT2G34430,AT2G07669
AT4G01130,AT5G24210,AT2G24070,AT3G13405,AT1G50160,AT2G07806,AT1G36730,AT1G62975,AT1G42550,AT1G29440,AT1G62030,AT5G06170,AT2G07785,AT2G04622,AT1G74090,AT2G35880,AT2G07674
AT4G09500,AT5G26200,AT2G24820,AT3G14420,AT1G50520,AT2G07827,AT1G42540,AT1G66100,AT1G44100,AT1G29460,AT1G62035,AT5G15840,AT2G07835,AT2G06908,AT1G78570,AT2G36870,AT2G07676
AT4G17090,AT5G28463,AT2G25630,AT3G15570,AT1G52310,AT2G07830,AT1G44100,AT1G66140,AT1G45191,AT1G29540,AT1G62560,AT5G23350,AT2G10606,AT2G07120,AT1G79380,AT2G42840,AT2G07681
AT4G18975,AT5G33390,AT2G26470,AT3G16130,AT1G53190,AT2G07835,AT1G45191,AT1G66250,AT1G47280,AT1G30360,AT1G63050,AT5G41140,AT2G14750,AT2G07213,AT2G01008,AT2G44830,AT2G07687
AT4G27030,AT5G33806,AT2G27050,AT3G16140,AT1G53720,AT2G15530,AT1G48660,AT1G68470,AT1G47480,AT1G30600,AT1G65570,,AT2G14870,AT2G07240,AT2G01023,AT3G01370,AT2G07698
AT4G36770,AT5G35945,AT2G29630,AT3G20950,AT1G54510,AT2G17730,AT1G50160,AT1G68845,AT1G47530,AT1G31500,AT1G66173,,AT2G17730,AT2G07599,AT2G01918,AT3G05410,AT2G07706
AT5G15780,AT5G56000,AT2G30505,AT3G21670,AT1G56230,AT2G18800,AT1G50180,AT1G70830,AT1G48660,AT1G31910,AT1G66250,,AT2G18800,AT2G07667,AT2G03520,AT3G12690,AT2G07714
AT5G24210,AT5G57320,AT2G34430,AT3G21870,AT1G61420,AT2G20300,AT1G51440,AT1G70850,AT1G48760,AT1G32010,AT1G67580,,AT2G18960,AT2G07674,AT2G04190,AT3G14660,AT2G07715
AT5G34829,AT5G66520,AT2G37025,AT3G22235,AT1G62760,AT2G22840,AT1G52310,AT1G70890,AT1G50160,AT1G32450,AT1G67635,,AT2G23950,AT2G07676,AT2G04570,AT3G16940,AT2G07721
AT5G35740,,AT2G39805,AT3G25850,AT1G66140,AT2G23950,AT1G54060,AT1G71140,AT1G50430,AT1G33680,AT1G68190,,AT2G26770,AT2G07681,AT2G05920,AT3G17400,AT2G07722
AT5G48000,,AT3G03405,AT3G26290,AT1G67481,AT2G27060,AT1G54090,AT1G74780,AT1G50520,AT1G34042,AT1G68210,,AT2G37710,AT2G07687,AT2G06510,AT3G20950,AT2G07727
AT5G51460,,AT3G03726,AT3G26650,AT1G67580,AT2G28250,AT1G56230,AT1G76170,AT1G51440,AT1G34370,AT1G68845,,AT2G44830,AT2G07698,AT2G07120,AT3G21870,AT2G07763
AT5G54800,,AT3G04300,AT3G28220,AT1G67900,AT2G34208,AT1G56270,AT1G76620,AT1G51580,AT1G35410,AT1G70830,,AT3G01460,AT2G07706,AT2G07240,AT3G24515,AT2G07765
AT5G66520,,AT3G13405,AT3G28410,AT1G68470,AT2G35880,AT1G56570,AT1G77720,AT1G53190,AT1G35580,AT1G70850,,AT3G04130,AT2G07714,AT2G07669,AT3G25690,AT2G07774
AT5G67340,,AT3G13750,AT3G28958,AT1G69080,AT2G36870,AT1G58080,AT1G78550,AT1G53500,AT1G36160,AT1G70890,,AT3G05410,AT2G07715,AT2G07674,AT3G25850,AT2G07775
,,AT3G14630,AT3G29796,AT1G72610,AT2G37030,AT1G58265,AT1G79270,AT1G53720,AT1G36730,AT1G74720,,AT3G13405,AT2G07721,AT2G07676,AT3G27980,AT2G07779
,,AT3G14660,AT3G30160,AT1G73630,AT2G42520,AT1G58440,AT1G79380,AT1G54040,AT1G42540,AT1G74780,,AT3G17400,AT2G07727,AT2G07681,AT3G27990,AT2G07787
,,AT3G20090,AT3G30220,AT1G79000,AT3G04910,AT1G60025,AT1G79390,AT1G54060,AT1G44100,AT1G76620,,AT3G17630,AT2G07754,AT2G07687,AT3G29796,AT2G07795
,,AT3G20100,AT3G30770,AT1G80070,AT3G12360,AT1G62030,AT2G03640,AT1G54090,AT1G45191,AT1G77600,,AT3G17650,AT2G07763,AT2G07706,AT3G30160,AT2G07798
,,AT3G20890,AT3G30820,AT2G01023,AT3G47960,AT1G62035,AT2G04570,AT1G54510,AT1G47660,AT1G78570,,AT3G22710,AT2G07765,AT2G07715,AT3G30220,AT2G07806
,,AT3G21280,AT3G31950,AT2G03520,AT3G53910,AT1G62975,AT2G10606,AT1G55250,AT1G48760,AT1G79050,,AT3G23020,AT2G07774,AT2G07727,AT3G33293,AT2G07827
,,AT3G22235,AT3G32150,AT2G03620,AT3G55360,AT1G63690,AT2G18010,AT1G55320,AT1G50430,AT1G80070,,AT3G24515,AT2G07775,AT2G07779,AT3G43150,AT2G07830
,,AT3G24515,AT3G32160,AT2G03640,AT3G62940,AT1G66140,AT2G18800,AT1G55450,AT1G50520,AT2G01918,,AT3G28958,AT2G07779,AT2G07798,AT3G43160,AT2G07835
,,AT3G25850,AT3G32190,AT2G03670,AT4G04770,AT1G66250,AT2G20250,AT1G56010,AT1G51580,AT2G03610,,AT3G30160,AT2G07785,AT2G07827,AT3G43930,AT2G11005
,,AT3G26030,AT3G32896,AT2G04622,AT4G18970,AT1G68845,AT2G22870,AT1G56270,AT1G52310,AT2G04570,,AT3G31950,AT2G07787,AT2G07830,AT3G45140,AT2G17110
,,AT3G26290,AT3G33293,AT2G05060,AT4G39280,AT1G70830,AT2G22880,AT1G56530,AT1G53190,AT2G05060,,AT3G32190,AT2G07795,AT2G07981,AT3G45400,AT2G17630
,,AT3G26650,AT3G42060,AT2G05360,AT5G25250,AT1G70890,AT2G23080,AT1G56570,AT1G53500,AT2G05370,,AT3G32896,AT2G07798,AT2G08986,AT3G46120,AT2G18010
,,AT3G28220,AT3G42990,AT2G05370,AT5G36920,AT1G74320,AT2G24070,AT1G58080,AT1G53680,AT2G07669,,AT3G43800,AT2G07806,AT2G11005,AT3G49880,AT2G18800
,,AT3G28958,AT3G43148,AT2G05920,AT5G38380,AT1G74780,AT2G24820,AT1G58265,AT1G53720,AT2G07687,,AT3G44780,AT2G07827,AT2G14288,AT3G50250,AT2G22880
,,AT3G30160,AT3G43150,AT2G05995,AT5G38895,AT1G76170,AT2G25630,AT1G60025,AT1G54060,AT2G07698,,AT3G46490,AT2G07830,AT2G15420,AT3G52742,AT2G23080
,,AT3G43930,AT3G43160,AT2G06510,AT5G39493,AT1G76620,AT2G27050,AT1G61360,AT1G54090,AT2G07706,,AT3G49880,AT2G07835,AT2G15530,AT3G60290,AT2G23090
,,AT3G46490,AT3G44570,AT2G06908,AT5G44100,AT1G78550,AT2G27360,AT1G62030,AT1G54510,AT2G07715,,AT3G49900,AT2G07981,AT2G17550,AT4G03740,AT2G23950
,,AT3G47610,AT3G44780,AT2G07120,AT5G48150,AT1G79270,AT2G28630,AT1G62035,AT1G55250,AT2G07721,,AT3G53910,AT2G08986,AT2G18010,AT4G04580,AT2G25737
,,AT3G47960,AT3G45140,AT2G07213,AT5G56490,AT1G79390,AT2G29630,AT1G62760,AT1G55320,AT2G07722,,AT3G54640,AT2G11005,AT2G18960,AT4G04957,AT2G26770
,,AT3G60180,AT3G46120,AT2G07215,,AT2G01730,AT2G30505,AT1G62975,AT1G56230,AT2G07727,,AT3G55430,AT2G14540,AT2G19420,AT4G06688,AT2G27360
,,AT3G60290,AT3G46668,AT2G07240,,AT2G01990,AT2G33050,AT1G65990,AT1G56530,AT2G07754,,AT3G57810,AT2G14870,AT2G20950,AT4G07670,AT2G28640
,,AT3G61470,AT3G46670,AT2G07722,,AT2G03070,AT2G33051,AT1G66100,AT1G56570,AT2G07765,,AT3G61480,AT2G15420,AT2G22890,AT4G09500,AT2G29040
,,AT4G00760,AT3G49142,AT2G07785,,AT2G04570,AT2G33060,AT1G66200,AT1G58265,AT2G07774,,AT3G62940,AT2G17110,AT2G23080,AT4G10695,AT2G30505
,,AT4G00770,AT3G50250,AT2G10606,,AT2G06510,AT2G33810,AT1G66250,AT1G61420,AT2G07775,,AT4G00005,AT2G18800,AT2G23200,AT4G12570,AT2G33810
,,AT4G01130,AT3G54890,AT2G10940,,AT2G07687,AT2G33815,AT1G66290,AT1G62030,AT2G07785,,AT4G03935,AT2G19420,AT2G24070,AT4G13575,AT2G33815
,,AT4G03380,AT3G60290,AT2G11005,,AT2G11810,AT2G34208,AT1G66320,AT1G62035,AT2G07787,,AT4G04580,AT2G22840,AT2G24205,AT4G13992,AT2G37025
,,AT4G04840,AT3G61470,AT2G13360,,AT2G13430,AT2G35880,AT1G66880,AT1G62760,AT2G07795,,AT4G04610,AT2G24070,AT2G24820,AT4G14980,AT2G37030
,,AT4G09500,AT4G01130,AT2G13430,,AT2G15530,AT2G36870,AT1G67481,AT1G62975,AT2G07798,,AT4G04770,AT2G24200,AT2G26120,AT4G15975,AT2G38060
,,AT4G11920,AT4G03740,AT2G14288,,AT2G17630,AT2G37030,AT1G67580,AT1G63690,AT2G07806,,AT4G10020,AT2G24205,AT2G28250,AT4G17090,AT2G39770
,,AT4G13575,AT4G03830,AT2G14540,,AT2G17730,AT2G38710,AT1G68400,AT1G64790,AT2G07827,,AT4G10603,AT2G25050,AT2G34100,AT4G19270,AT2G39920
,,AT4G13992,AT4G04330,AT2G14560,,AT2G19420,AT2G39770,AT1G68470,AT1G65840,AT2G07830,,AT4G11920,AT2G26510,AT2G34290,AT4G20170,AT2G41920
,,AT4G14050,AT4G04580,AT2G15420,,AT2G20250,AT2G42840,AT1G68870,AT1G66100,AT2G11810,,AT4G13420,AT2G28290,AT2G36750,AT4G20650,AT2G42520
,,AT4G14980,AT4G04957,AT2G15530,,AT2G20360,AT2G43865,AT1G70830,AT1G66250,AT2G13360,,AT4G13992,AT2G28640,AT2G36910,AT4G21030,AT2G44220
,,AT4G17090,AT4G06688,AT2G17110,,AT2G22720,AT2G46520,AT1G70850,AT1G67481,AT2G17630,,AT4G14050,AT2G34208,AT2G39920,AT4G21990,AT2G47230
,,AT4G18700,AT4G07670,AT2G17630,,AT2G22870,AT2G47230,AT1G70890,AT1G67580,AT2G17730,,AT4G16480,AT2G34290,AT2G41920,AT4G22485,AT3G04300
,,AT4G19270,AT4G09500,AT2G18960,,AT2G22880,AT3G04300,AT1G72180,AT1G68470,AT2G18010,,AT4G20270,AT2G38040,AT2G42580,AT4G25970,AT3G05410
,,AT4G20360,AT4G10603,AT2G19390,,AT2G23080,AT3G04870,AT1G72610,AT1G68845,AT2G18800,,AT4G29920,AT2G43865,AT2G44830,AT4G26600,AT3G06860
,,AT4G22050,AT4G12810,AT2G22720,,AT2G24200,AT3G04910,AT1G73630,AT1G71140,AT2G20250,,AT4G30150,AT2G44830,AT3G01370,AT4G26730,AT3G12360
,,AT4G23130,AT4G13992,AT2G23090,,AT2G24205,AT3G07720,AT1G76170,AT1G73630,AT2G22840,,AT4G34110,AT2G47230,AT3G02170,AT4G27030,AT3G13990
,,AT4G28650,AT4G14340,AT2G23950,,AT2G25630,AT3G09450,AT1G76620,AT1G76170,AT2G22890,,AT4G36360,AT3G01120,AT3G02280,AT4G34140,AT3G17830
,,AT4G28652,AT4G17090,AT2G25050,,AT2G26510,AT3G13750,AT1G78550,AT1G76620,AT2G23080,,AT4G36460,AT3G01460,AT3G03405,AT4G35470,AT3G20890
,,AT4G34140,AT4G21520,AT2G26120,,AT2G27050,AT3G14550,AT1G78570,AT1G77600,AT2G23090,,AT4G36910,AT3G02280,AT3G04130,AT4G36360,AT3G21870
,,AT4G37610,AT4G21550,AT2G28260,,AT2G27360,AT3G20362,AT1G79270,AT1G78550,AT2G24200,,AT4G37610,AT3G02890,AT3G05410,AT4G36770,AT3G22235
,,AT4G38540,AT4G22050,AT2G28290,,AT2G28630,AT3G21280,AT1G79380,AT1G79000,AT2G24280,,AT4G39980,AT3G05410,AT3G10900,AT4G37610,AT3G22350
,,AT4G39330,AT4G23130,AT2G28640,,AT2G28640,AT3G22104,AT2G03520,AT1G79270,AT2G24820,,AT5G01230,AT3G10900,AT3G14420,AT5G04540,AT3G23150
,,AT5G05180,AT4G27030,AT2G33050,,AT2G29040,AT3G22235,AT2G03640,AT2G01730,AT2G26080,,AT5G04267,AT3G17400,AT3G15570,AT5G06170,AT3G25850
,,AT5G05590,AT4G34138,AT2G34290,,AT2G30505,AT3G22350,AT2G03670,AT2G03520,AT2G27060,,AT5G05730,AT3G17650,AT3G16940,AT5G08520,AT3G27670
,,AT5G06170,AT5G01440,AT2G34730,,AT2G33050,AT3G23450,AT2G03690,AT2G03610,AT2G28250,,AT5G09660,AT3G20950,AT3G17630,AT5G09860,AT3G27940
,,AT5G06700,AT5G04267,AT2G35880,,AT2G33051,AT3G25170,AT2G04570,AT2G03620,AT2G28260,,AT5G09690,AT3G22235,AT3G20090,AT5G10200,AT3G43930
,,AT5G09860,AT5G05590,AT2G36720,,AT2G33060,AT3G25850,AT2G04622,AT2G03640,AT2G28630,,AT5G13660,AT3G22350,AT3G20890,AT5G11960,AT3G47960
,,AT5G10970,AT5G07400,AT2G36750,,AT2G34100,AT3G26030,AT2G11810,AT2G03670,AT2G29040,,AT5G15420,AT3G27980,AT3G20950,AT5G14230,AT3G48720
,,AT5G11790,AT5G07410,AT2G37030,,AT2G34110,AT3G26450,AT2G14288,AT2G03690,AT2G32010,,AT5G15840,AT3G28410,AT3G21700,AT5G15420,AT3G50570
,,AT5G12440,AT5G09660,AT2G38040,,AT2G34730,AT3G27400,AT2G15530,AT2G05060,AT2G36910,,AT5G17730,AT3G29720,AT3G22710,AT5G15780,AT3G53910
,,AT5G13630,AT5G10970,AT2G39770,,AT2G36870,AT3G27940,AT2G17730,AT2G05360,AT2G37030,,AT5G19820,AT3G29796,AT3G23450,AT5G22590,AT3G54890
,,AT5G13660,AT5G13660,AT2G41640,,AT2G36880,AT3G27980,AT2G18010,AT2G06908,AT2G37710,,AT5G20250,AT3G30220,AT3G25690,AT5G23575,AT3G55430
,,AT5G14050,AT5G14050,AT2G41920,,AT2G36910,AT3G27990,AT2G18800,AT2G07120,AT2G38060,,AT5G23050,AT3G30820,AT3G26030,AT5G27890,AT3G55740
,,AT5G14550,AT5G14220,AT2G42520,,AT2G37030,AT3G28958,AT2G19420,AT2G07213,AT2G39770,,AT5G23350,AT3G31950,AT3G27990,AT5G28660,AT3G55980
,,AT5G14610,AT5G15420,AT2G43865,,AT2G37710,AT3G43800,AT2G20250,AT2G07215,AT2G42670,,AT5G24270,AT3G32150,AT3G28220,AT5G33390,AT3G57810
,,AT5G15420,AT5G24210,AT2G44220,,AT2G39770,AT3G44780,AT2G20360,AT2G07240,AT2G42840,,AT5G25040,AT3G32160,AT3G28410,AT5G34829,AT3G63150
,,AT5G15780,AT5G25140,AT2G44830,,AT2G42840,AT3G48720,AT2G22840,AT2G07754,AT2G44220,,AT5G25110,AT3G32190,AT3G29720,AT5G35740,AT4G00005
,,AT5G18050,AT5G27950,AT3G01370,,AT2G43440,AT3G49900,AT2G22870,AT2G10606,AT2G47230,,AT5G25370,AT3G32896,AT3G29770,AT5G38860,AT4G00760
,,AT5G18070,AT5G34940,AT3G01460,,AT2G47230,AT3G50470,AT2G22880,AT2G11005,AT3G01460,,AT5G28410,AT3G33293,AT3G29796,AT5G41140,AT4G01090
,,AT5G35740,AT5G35740,AT3G02170,,AT3G01120,AT3G50480,AT2G23080,AT2G13360,AT3G02890,,AT5G35670,AT3G42060,AT3G30160,AT5G41640,AT4G03380
,,AT5G39020,AT5G35945,AT3G02890,,AT3G02170,AT3G50570,AT2G23090,AT2G13430,AT3G04130,,AT5G35732,AT3G42990,AT3G30220,AT5G42635,AT4G03935
,,AT5G40850,AT5G38960,AT3G03380,,AT3G02890,AT3G51140,AT2G23740,AT2G14288,AT3G04300,,AT5G38530,AT3G43148,AT3G30770,AT5G42940,AT4G04610
,,AT5G41140,AT5G40850,AT3G04130,,AT3G03380,AT3G55360,AT2G23770,AT2G14540,AT3G05010,,AT5G38960,AT3G43150,AT3G30820,AT5G43270,AT4G08470
,,AT5G41670,AT5G41140,AT3G04300,,AT3G03405,AT3G55672,AT2G24070,AT2G14870,AT3G05750,,AT5G41640,AT3G43160,AT3G31950,AT5G44740,AT4G09500
,,AT5G41800,AT5G42635,AT3G04910,,AT3G04130,AT3G56260,AT2G24820,AT2G15420,AT3G07720,,AT5G45130,AT3G43930,AT3G32160,AT5G48150,AT4G13992
,,AT5G42940,AT5G42940,AT3G06860,,AT3G04910,AT3G57200,AT2G25737,AT2G15530,AT3G11402,,AT5G45710,AT3G44570,AT3G32190,AT5G48880,AT4G15760
,,AT5G43130,AT5G43270,AT3G09450,,AT3G05140,AT4G01090,AT2G26120,AT2G18010,AT3G13404,,AT5G48000,AT3G44780,AT3G32896,AT5G52100,AT4G15975
,,AT5G43270,AT5G44010,AT3G10900,,AT3G05750,AT4G01700,AT2G27050,AT2G18960,AT3G13405,,AT5G49440,AT3G46120,AT3G33293,AT5G54800,AT4G16195
,,AT5G43630,AT5G44100,AT3G12360,,AT3G07720,AT4G02520,AT2G27360,AT2G20250,AT3G17650,,AT5G53120,AT3G47110,AT3G41762,AT5G61470,AT4G18700
,,AT5G44410,AT5G44410,AT3G12690,,AT3G10900,AT4G03380,AT2G28630,AT2G22720,AT3G19540,,AT5G54380,AT3G47610,AT3G42060,AT5G66520,AT4G20070
,,AT5G44740,AT5G44740,AT3G13405,,AT3G12360,AT4G04745,AT2G30490,AT2G22880,AT3G22220,,AT5G55000,AT3G47960,AT3G42990,AT5G67340,AT4G20270
,,AT5G44770,AT5G44770,AT3G13750,,AT3G12690,AT4G04840,AT2G30505,AT2G23080,AT3G22350,,AT5G55460,AT3G49880,AT3G43148,,AT4G20360
,,AT5G45130,AT5G44780,AT3G13990,,AT3G13750,AT4G04957,AT2G33050,AT2G23740,AT3G23150,,AT5G56490,AT3G51140,AT3G43150,,AT4G20650
,,AT5G45480,AT5G45490,AT3G14630,,AT3G13990,AT4G05040,AT2G33051,AT2G23950,AT3G26450,,AT5G58140,AT3G55672,AT3G43160,,AT4G22050
,,AT5G46950,AT5G46930,AT3G14650,,AT3G14550,AT4G10603,AT2G33060,AT2G24200,AT3G26510,,AT5G59660,AT4G00005,AT3G43790,,AT4G22485
,,AT5G47150,AT5G47150,AT3G14660,,AT3G17400,AT4G12690,AT2G34730,AT2G24280,AT3G27400,,AT5G62060,AT4G02850,AT3G45400,,AT4G25970
,,AT5G47400,AT5G47580,AT3G16940,,AT3G17830,AT4G14548,AT2G34920,AT2G25737,AT3G43160,,AT5G63550,AT4G03380,AT3G46120,,AT4G26730
,,AT5G47580,AT5G49740,AT3G17630,,AT3G21280,AT4G15760,AT2G35880,AT2G26120,AT3G43800,,AT5G67340,AT4G03740,AT3G46490,,AT4G31820
,,AT5G48000,AT5G51460,AT3G19450,,AT3G21700,AT4G15975,AT2G36870,AT2G27050,AT3G44570,,,AT4G03830,AT3G46668,,AT4G32175
,,AT5G48880,AT5G54040,AT3G20362,,AT3G22235,AT4G16480,AT2G36880,AT2G27060,AT3G47110,,,AT4G03930,AT3G47960,,AT4G34110
,,AT5G50890,AT5G54800,AT3G22220,,AT3G22710,AT4G18970,AT2G37030,AT2G28260,AT3G49880,,,AT4G04330,AT3G50250,,AT4G34138
,,AT5G51460,AT5G56000,AT3G22235,,AT3G23020,AT4G18975,AT2G37710,AT2G28290,AT3G50480,,,AT4G04580,AT3G50470,,AT4G35470
,,AT5G52100,,AT3G23150,,AT3G23450,AT4G20670,AT2G38040,AT2G28640,AT3G50570,,,AT4G04745,AT3G56210,,AT4G35920
,,AT5G53500,,AT3G26290,,AT3G23810,AT4G21520,AT2G38710,AT2G30505,AT3G51140,,,AT4G04770,AT3G62940,,AT4G36050
,,AT5G61470,,AT3G27670,,AT3G26450,AT4G21990,AT2G39770,AT2G33050,AT3G52100,,,AT4G04790,AT4G02850,,AT4G37270
,,AT5G67385,,AT3G29720,,AT3G27400,AT4G22730,AT2G42840,AT2G33051,AT3G53460,,,AT4G04890,AT4G03090,,AT4G39280
,,,,AT3G29770,,AT3G27940,AT4G26600,AT2G43440,AT2G33060,AT3G57200,,,AT4G04957,AT4G03740,,AT5G03944
,,,,AT3G30770,,AT3G27990,AT4G30400,AT2G44220,AT2G33810,AT3G60180,,,AT4G05040,AT4G03830,,AT5G04850
,,,,AT3G30820,,AT3G30160,AT4G31590,AT2G46520,AT2G33815,AT3G61130,,,AT4G06688,AT4G03930,,AT5G05590
,,,,AT3G32150,,AT3G43210,AT4G32175,AT2G47230,AT2G34208,AT3G61480,,,AT4G07524,AT4G03935,,AT5G15780
,,,,AT3G32160,,AT3G45820,AT4G36050,AT3G02170,AT2G34290,AT4G00020,,,AT4G07670,AT4G04580,,AT5G20480
,,,,AT3G42060,,AT3G46490,AT4G36052,AT3G02890,AT2G34730,AT4G00400,,,AT4G07932,AT4G04790,,AT5G22510
,,,,AT3G45140,,AT3G47610,AT4G36460,AT3G04300,AT2G35880,AT4G02850,,,AT4G09150,AT4G06688,,AT5G23350
,,,,AT3G45400,,AT3G47960,AT4G38550,AT3G04910,AT2G36720,AT4G03935,,,AT4G11820,AT4G07524,,AT5G23720
,,,,AT3G45820,,AT3G50250,AT4G38552,AT3G05750,AT2G36750,AT4G04745,,,AT4G13575,AT4G07670,,AT5G25110
,,,,AT3G46670,,AT3G50470,AT4G39330,AT3G07720,AT2G36870,AT4G04770,,,AT4G13992,AT4G07932,,AT5G26030
,,,,AT3G47110,,AT3G50480,AT5G04267,AT3G09450,AT2G36880,AT4G04890,,,AT4G17140,AT4G10020,,AT5G27230
,,,,AT3G50250,,AT3G51140,AT5G04540,AT3G13510,AT2G36910,AT4G05040,,,AT4G20170,AT4G11920,,AT5G34829
,,,,AT3G50470,,AT3G53910,AT5G05180,AT3G13750,AT2G37030,AT4G08470,,,AT4G20270,AT4G13420,,AT5G38220
,,,,AT3G52100,,AT3G53970,AT5G05730,AT3G14550,AT2G38040,AT4G10020,,,AT4G21030,AT4G13992,,AT5G38860
,,,,AT3G53910,,AT3G55360,AT5G07410,AT3G17400,AT2G38710,AT4G11820,,,AT4G21060,AT4G14050,,AT5G39160
,,,,AT3G55672,,AT3G55672,AT5G07590,AT3G17830,AT2G39770,AT4G12460,,,AT4G22485,AT4G15760,,AT5G45130
,,,,AT3G55740,,AT3G56260,AT5G08520,AT3G19450,AT2G41640,AT4G13992,,,AT4G23560,AT4G18830,,AT5G47150
,,,,AT3G55980,,AT3G59950,AT5G09860,AT3G19540,AT2G41920,AT4G14100,,,AT4G27010,AT4G20170,,AT5G47400
,,,,AT3G56210,,AT3G62940,AT5G09870,AT3G20362,AT2G42520,AT4G18970,,,AT4G29920,AT4G20650,,AT5G49440
,,,,AT3G59530,,AT3G63150,AT5G10480,AT3G21280,AT2G42840,AT4G19270,,,AT4G32180,AT4G21030,,AT5G53760
,,,,AT3G61470,,AT4G00020,AT5G11790,AT3G22104,AT2G43865,AT4G20170,,,AT4G39420,AT4G22485,,AT5G53970
,,,,AT3G61480,,AT4G00400,AT5G11960,AT3G23020,AT2G44220,AT4G20670,,,AT5G01230,AT4G27570,,AT5G54260
,,,,AT3G63150,,AT4G00760,AT5G17730,AT3G23450,AT2G44830,AT4G20800,,,AT5G04850,AT4G30340,,AT5G57565
,,,,AT4G00005,,AT4G00770,AT5G18050,AT3G23810,AT2G46520,AT4G22050,,,AT5G07410,AT4G30350,,AT5G60050
,,,,AT4G00760,,AT4G01090,AT5G18070,AT3G26450,AT2G47210,AT4G23130,,,AT5G10200,AT4G32180,,AT5G61470
,,,,AT4G01090,,AT4G01700,AT5G20050,AT3G27400,AT2G47230,AT4G24520,,,AT5G14610,AT4G35030,,AT5G63010
,,,,AT4G01700,,AT4G02520,AT5G22510,AT3G27940,AT3G01460,AT4G30340,,,AT5G15840,AT4G39330,,
,,,,AT4G03080,,AT4G02850,AT5G22920,AT3G27980,AT3G02170,AT4G30400,,,AT5G17010,AT5G03944,,
,,,,AT4G03090,,AT4G03080,AT5G23350,AT3G28958,AT3G02280,AT4G35030,,,AT5G17540,AT5G04850,,
,,,,AT4G03930,,AT4G03380,AT5G24270,AT3G29200,AT3G02890,AT4G35920,,,AT5G22590,AT5G06170,,
,,,,AT4G04770,,AT4G04745,AT5G25420,AT3G43270,AT3G03380,AT4G36050,,,AT5G23720,AT5G06265,,
,,,,AT4G04790,,AT4G04957,AT5G27230,AT3G43800,AT3G04130,AT4G36052,,,AT5G25040,AT5G09660,,
,,,,AT4G07524,,AT4G09150,AT5G35375,AT3G45400,AT3G04300,AT4G36360,,,AT5G27890,AT5G09870,,
,,,,AT4G07670,,AT4G10020,AT5G36920,AT3G47940,AT3G04870,AT4G36460,,,AT5G28463,AT5G14230,,
,,,,AT4G07932,,AT4G10603,AT5G38220,AT3G49900,AT3G04910,AT4G37270,,,AT5G28660,AT5G15780,,
,,,,AT4G08470,,AT4G13420,AT5G38530,AT3G50250,AT3G07720,AT4G39280,,,AT5G28824,AT5G15840,,
,,,,AT4G09150,,AT4G13575,AT5G38895,AT3G50470,AT3G09450,AT5G01230,,,AT5G32590,AT5G16290,,
,,,,AT4G10120,,AT4G14548,AT5G38960,AT3G50480,AT3G10900,AT5G03944,,,AT5G33390,AT5G17730,,
,,,,AT4G10695,,AT4G15760,AT5G39493,AT3G50570,AT3G12360,AT5G05180,,,AT5G33806,AT5G18410,,
,,,,AT4G12810,,AT4G15975,AT5G41640,AT3G51140,AT3G12690,AT5G05590,,,AT5G34829,AT5G22510,,
,,,,AT4G14548,,AT4G16480,AT5G43130,AT3G55360,AT3G13510,AT5G06170,,,AT5G35375,AT5G22590,,
,,,,AT4G14980,,AT4G18970,AT5G43270,AT3G55672,AT3G13750,AT5G06265,,,AT5G35670,AT5G23050,,
,,,,AT4G15180,,AT4G18975,AT5G43630,AT3G56260,AT3G13990,AT5G07410,,,AT5G37830,AT5G24480,,
,,,,AT4G15975,,AT4G19270,AT5G43755,AT4G00400,AT3G14650,AT5G09660,,,AT5G39493,AT5G25040,,
,,,,AT4G16195,,AT4G20670,AT5G44010,AT4G01700,AT3G16940,AT5G10480,,,AT5G43130,AT5G27230,,
,,,,AT4G16420,,AT4G21030,AT5G44770,AT4G02520,AT3G17630,AT5G11130,,,AT5G46930,AT5G28470,,
,,,,AT4G16480,,AT4G21990,AT5G45480,AT4G03935,AT3G19960,AT5G14610,,,AT5G47400,AT5G28824,,
,,,,AT4G17090,,AT4G22050,AT5G45490,AT4G04570,AT3G20362,AT5G15420,,,AT5G49730,AT5G32590,,
,,,,AT4G17140,,AT4G23560,AT5G45710,AT4G04745,AT3G21280,AT5G15840,,,AT5G54280,AT5G33806,,
,,,,AT4G18700,,AT4G24520,AT5G46930,AT4G04840,AT3G22104,AT5G17320,,,AT5G55000,AT5G35670,,
,,,,AT4G19270,,AT4G26730,AT5G46950,AT4G04957,AT3G22710,AT5G17540,,,AT5G55960,AT5G38190,,
,,,,AT4G20650,,AT4G30340,AT5G47400,AT4G05040,AT3G23020,AT5G17920,,,AT5G56140,AT5G38220,,
,,,,AT4G20670,,AT4G30400,AT5G48000,AT4G08470,AT3G23450,AT5G20480,,,AT5G67340,AT5G38960,,
,,,,AT4G21060,,AT4G31590,AT5G48150,AT4G08850,AT3G23900,AT5G22510,,,,AT5G39160,,
,,,,AT4G23560,,AT4G32420,AT5G50860,AT4G09150,AT3G26450,AT5G23575,,,,AT5G41140,,
,,,,AT4G24520,,AT4G34110,AT5G51740,AT4G10603,AT3G27670,AT5G24030,,,,AT5G42635,,
,,,,AT4G25970,,AT4G36050,AT5G51750,AT4G10695,AT3G29200,AT5G24200,,,,AT5G43270,,
,,,,AT4G26730,,AT4G36052,AT5G52060,AT4G11920,AT3G29720,AT5G25040,,,,AT5G44740,,
,,,,AT4G27010,,AT4G36360,AT5G53210,AT4G14548,AT3G30770,AT5G25110,,,,AT5G46930,,
,,,,AT4G27030,,AT4G36460,AT5G54030,AT4G15760,AT3G45400,AT5G25140,,,,AT5G47150,,
,,,,AT4G29730,,AT4G38550,AT5G54040,AT4G16195,AT3G45820,AT5G25250,,,,AT5G53210,,
,,,,AT4G31210,,AT4G38552,AT5G54050,AT4G16480,AT3G47110,AT5G27230,,,,AT5G54280,,
,,,,AT4G31590,,AT4G39330,AT5G55220,AT4G18830,AT3G47420,AT5G28080,,,,AT5G54380,,
,,,,AT4G32175,,AT5G01440,AT5G55460,AT4G18970,AT3G47940,AT5G35450,,,,AT5G55910,,
,,,,AT4G32180,,AT5G03944,AT5G55910,AT4G18975,AT3G48780,AT5G38380,,,,AT5G57565,,
,,,,AT4G32420,,AT5G04267,AT5G55960,AT4G20670,AT3G49880,AT5G38530,,,,AT5G58520,,
,,,,AT4G34110,,AT5G04540,AT5G57760,AT4G20800,AT3G50250,AT5G38860,,,,AT5G63010,,
,,,,AT4G34140,,AT5G04870,AT5G60050,AT4G21990,AT3G50480,AT5G38895,,,,AT5G63020,,
,,,,AT4G36360,,AT5G05140,AT5G60210,AT4G22050,AT3G50570,AT5G39020,,,,AT5G66050,,
,,,,AT4G36910,,AT5G05730,AT5G60540,AT4G22730,AT3G51140,AT5G39160,,,,AT5G66600,,
,,,,AT4G38550,,AT5G06700,AT5G61470,AT4G26600,AT3G53910,AT5G39493,,,,AT5G67340,,
,,,,AT4G38552,,AT5G07590,AT5G67385,AT4G27030,AT3G55360,AT5G41140,,,,,,
,,,,AT4G39420,,AT5G09860,,AT4G27570,AT3G55672,AT5G41640,,,,,,
,,,,AT5G03944,,AT5G09870,,AT4G29730,AT3G55740,AT5G41670,,,,,,
,,,,AT5G04540,,AT5G10480,,AT4G30150,AT3G55980,AT5G41800,,,,,,
,,,,AT5G04850,,AT5G10970,,AT4G30350,AT3G56210,AT5G42940,,,,,,
,,,,AT5G04870,,AT5G11790,,AT4G30400,AT3G56260,AT5G43755,,,,,,
,,,,AT5G05730,,AT5G15420,,AT4G31590,AT3G57780,AT5G44100,,,,,,
,,,,AT5G06265,,AT5G16290,,AT4G32420,AT3G61130,AT5G44740,,,,,,
,,,,AT5G10200,,AT5G17540,,AT4G35920,AT3G61470,AT5G45130,,,,,,
,,,,AT5G10970,,AT5G17920,,AT4G36050,AT4G00005,AT5G45480,,,,,,
,,,,AT5G17730,,AT5G18050,,AT4G36052,AT4G00760,AT5G45710,,,,,,
,,,,AT5G17920,,AT5G22510,,AT4G36210,AT4G00970,AT5G47150,,,,,,
,,,,AT5G18410,,AT5G22820,,AT4G36460,AT4G01090,AT5G48150,,,,,,
,,,,AT5G22400,,AT5G22920,,AT4G36770,AT4G01700,AT5G51750,,,,,,
,,,,AT5G22510,,AT5G23350,,AT4G37270,AT4G03080,AT5G52540,,,,,,
,,,,AT5G22590,,AT5G24030,,AT4G38540,AT4G03090,AT5G52920,,,,,,
,,,,AT5G22820,,AT5G24200,,AT4G38550,AT4G03930,AT5G53210,,,,,,
,,,,AT5G23720,,AT5G24270,,AT4G38552,AT4G04610,AT5G53970,,,,,,
,,,,AT5G24210,,AT5G24480,,AT4G39330,AT4G04770,AT5G54030,,,,,,
,,,,AT5G24480,,AT5G25420,,AT4G39980,AT4G04790,AT5G54380,,,,,,
,,,,AT5G25140,,AT5G26030,,AT5G04870,AT4G04840,AT5G55220,,,,,,
,,,,AT5G25480,,AT5G27230,,AT5G05180,AT4G05040,AT5G56140,,,,,,
,,,,AT5G26030,,AT5G27890,,AT5G06265,AT4G07524,AT5G56490,,,,,,
,,,,AT5G26200,,AT5G28410,,AT5G06700,AT4G07932,AT5G57565,,,,,,
,,,,AT5G28080,,AT5G35375,,AT5G10480,AT4G08470,AT5G57710,,,,,,
,,,,AT5G28410,,AT5G36920,,AT5G11790,AT4G09150,AT5G60050,,,,,,
,,,,AT5G28463,,AT5G37830,,AT5G13740,AT4G10120,AT5G66600,,,,,,
,,,,AT5G28470,,AT5G38380,,AT5G17010,AT4G10603,AT5G67385,,,,,,
,,,,AT5G28660,,AT5G38530,,AT5G18050,AT4G10695,,,,,,,
,,,,AT5G28824,,AT5G38960,,AT5G18070,AT4G11820,,,,,,,
,,,,AT5G32590,,AT5G39020,,AT5G20050,AT4G13420,,,,,,,
,,,,AT5G33390,,AT5G39493,,AT5G22400,AT4G14340,,,,,,,
,,,,AT5G33806,,AT5G41640,,AT5G22510,AT4G14548,,,,,,,
,,,,AT5G34829,,AT5G42940,,AT5G22920,AT4G14820,,,,,,,
,,,,AT5G34850,,AT5G43270,,AT5G23350,AT4G15180,,,,,,,
,,,,AT5G34940,,AT5G43630,,AT5G23720,AT4G15760,,,,,,,
,,,,AT5G35375,,AT5G43755,,AT5G24200,AT4G16195,,,,,,,
,,,,AT5G35450,,AT5G44410,,AT5G24270,AT4G16480,,,,,,,
,,,,AT5G35670,,AT5G45480,,AT5G24480,AT4G17140,,,,,,,
,,,,AT5G35732,,AT5G45490,,AT5G25370,AT4G18970,,,,,,,
,,,,AT5G35945,,AT5G47150,,AT5G25420,AT4G18975,,,,,,,
,,,,AT5G36100,,AT5G48000,,AT5G28410,AT4G19270,,,,,,,
,,,,AT5G37830,,AT5G49440,,AT5G35375,AT4G20650,,,,,,,
,,,,AT5G38190,,AT5G51740,,AT5G35450,AT4G20670,,,,,,,
,,,,AT5G49440,,AT5G51750,,AT5G35732,AT4G21060,,,,,,,
,,,,AT5G49730,,AT5G52060,,AT5G35945,AT4G24520,,,,,,,
,,,,AT5G51460,,AT5G52100,,AT5G36920,AT4G25970,,,,,,,
,,,,AT5G52100,,AT5G54030,,AT5G38220,AT4G26730,,,,,,,
,,,,AT5G53970,,AT5G54050,,AT5G38530,AT4G27010,,,,,,,
,,,,AT5G54030,,AT5G55460,,AT5G38895,AT4G27500,,,,,,,
,,,,AT5G54280,,AT5G55910,,AT5G38960,AT4G27570,,,,,,,
,,,,AT5G54380,,AT5G56490,,AT5G43130,AT4G29730,,,,,,,
,,,,AT5G55000,,AT5G57710,,AT5G43270,AT4G30150,,,,,,,
,,,,AT5G55220,,AT5G57760,,AT5G43630,AT4G30350,,,,,,,
,,,,AT5G55910,,AT5G57890,,AT5G43755,AT4G30710,,,,,,,
,,,,AT5G56140,,AT5G60540,,AT5G44010,AT4G31210,,,,,,,
,,,,AT5G57320,,AT5G62060,,AT5G45480,AT4G31590,,,,,,,
,,,,AT5G57760,,AT5G63020,,AT5G45490,AT4G32175,,,,,,,
,,,,AT5G58140,,AT5G64740,,AT5G46950,AT4G32180,,,,,,,
,,,,AT5G60050,,AT5G67385,,AT5G48150,AT4G32420,,,,,,,
,,,,AT5G60210,,,,AT5G48880,AT4G34110,,,,,,,
,,,,AT5G62060,,,,AT5G49440,AT4G35470,,,,,,,
,,,,AT5G63020,,,,AT5G49740,AT4G35920,,,,,,,
,,,,AT5G64740,,,,AT5G50860,AT4G36050,,,,,,,
,,,,AT5G66520,,,,AT5G51740,AT4G36052,,,,,,,
,,,,AT5G67385,,,,AT5G51750,AT4G36360,,,,,,,
,,,,,,,,AT5G52060,AT4G36460,,,,,,,
,,,,,,,,AT5G52920,AT4G36770,,,,,,,
,,,,,,,,AT5G53210,AT4G36910,,,,,,,
,,,,,,,,AT5G53500,AT4G37270,,,,,,,
,,,,,,,,AT5G53760,AT4G38540,,,,,,,
,,,,,,,,AT5G54030,AT4G38545,,,,,,,
,,,,,,,,AT5G54050,AT4G38550,,,,,,,
,,,,,,,,AT5G55220,AT4G38552,,,,,,,
,,,,,,,,AT5G55460,AT4G39420,,,,,,,
,,,,,,,,AT5G55910,AT4G39980,,,,,,,
,,,,,,,,AT5G55960,AT5G04850,,,,,,,
,,,,,,,,AT5G56490,AT5G04870,,,,,,,
,,,,,,,,AT5G57760,AT5G05180,,,,,,,
,,,,,,,,AT5G57890,AT5G05730,,,,,,,
,,,,,,,,AT5G60210,AT5G09860,,,,,,,
,,,,,,,,AT5G60540,AT5G09870,,,,,,,
,,,,,,,,AT5G61470,AT5G11790,,,,,,,
,,,,,,,,AT5G62060,AT5G17010,,,,,,,
,,,,,,,,AT5G64740,AT5G18070,,,,,,,
,,,,,,,,AT5G67385,AT5G18410,,,,,,,
,,,,,,,,,AT5G22400,,,,,,,
,,,,,,,,,AT5G22510,,,,,,,
,,,,,,,,,AT5G22820,,,,,,,
,,,,,,,,,AT5G22920,,,,,,,
,,,,,,,,,AT5G23350,,,,,,,
,,,,,,,,,AT5G23720,,,,,,,
,,,,,,,,,AT5G24480,,,,,,,
,,,,,,,,,AT5G25370,,,,,,,
,,,,,,,,,AT5G25420,,,,,,,
,,,,,,,,,AT5G26030,,,,,,,
,,,,,,,,,AT5G27230,,,,,,,
,,,,,,,,,AT5G27890,,,,,,,
,,,,,,,,,AT5G28080,,,,,,,
,,,,,,,,,AT5G28410,,,,,,,
,,,,,,,,,AT5G28463,,,,,,,
,,,,,,,,,AT5G28470,,,,,,,
,,,,,,,,,AT5G28660,,,,,,,
,,,,,,,,,AT5G28824,,,,,,,
,,,,,,,,,AT5G32590,,,,,,,
,,,,,,,,,AT5G33390,,,,,,,
,,,,,,,,,AT5G33806,,,,,,,
,,,,,,,,,AT5G34829,,,,,,,
,,,,,,,,,AT5G34850,,,,,,,
,,,,,,,,,AT5G34940,,,,,,,
,,,,,,,,,AT5G35375,,,,,,,
,,,,,,,,,AT5G37830,,,,,,,
,,,,,,,,,AT5G38190,,,,,,,
,,,,,,,,,AT5G38220,,,,,,,
,,,,,,,,,AT5G38380,,,,,,,
,,,,,,,,,AT5G38530,,,,,,,
,,,,,,,,,AT5G38895,,,,,,,
,,,,,,,,,AT5G43755,,,,,,,
,,,,,,,,,AT5G44010,,,,,,,
,,,,,,,,,AT5G49730,,,,,,,
,,,,,,,,,AT5G50860,,,,,,,
,,,,,,,,,AT5G50890,,,,,,,
,,,,,,,,,AT5G51740,,,,,,,
,,,,,,,,,AT5G51750,,,,,,,
,,,,,,,,,AT5G52060,,,,,,,
,,,,,,,,,AT5G53120,,,,,,,
,,,,,,,,,AT5G53500,,,,,,,
,,,,,,,,,AT5G53760,,,,,,,
,,,,,,,,,AT5G53970,,,,,,,
,,,,,,,,,AT5G54030,,,,,,,
,,,,,,,,,AT5G54280,,,,,,,
,,,,,,,,,AT5G54380,,,,,,,
,,,,,,,,,AT5G55000,,,,,,,
,,,,,,,,,AT5G55220,,,,,,,
,,,,,,,,,AT5G55460,,,,,,,
,,,,,,,,,AT5G55910,,,,,,,
,,,,,,,,,AT5G55960,,,,,,,
,,,,,,,,,AT5G56140,,,,,,,
,,,,,,,,,AT5G56490,,,,,,,
,,,,,,,,,AT5G57760,,,,,,,
,,,,,,,,,AT5G60050,,,,,,,
,,,,,,,,,AT5G60210,,,,,,,
,,,,,,,,,AT5G61470,,,,,,,
,,,,,,,,,AT5G62060,,,,,,,
,,,,,,,,,AT5G63010,,,,,,,
,,,,,,,,,AT5G63020,,,,,,,
,,,,,,,,,AT5G64740,,,,,,,
,,,,,,,,,AT5G66520,,,,,,,
,,,,,,,,,AT5G67385,,,,,,,
