dmw_id	gene	rho	p_value	fdr
dmw=9466	AT3G03405	0.13118812804325045	0.44872505188967293	0.6607010282187223
dmw=9488	AT3G03726	-0.8022320747775178	0.008937374886999892	0.03878125922698186
dmw=10308	AT3G13405	0.44006186477508347	0.1392572062642673	0.3064656797356994
dmw=10396	AT3G14210	-1.0127117064715063	1.771397247575112e-08	3.625459700037063e-06
dmw=10588	AT3G16680	-0.3115410089317914	0.22566261426099768	0.4205063585925723
dmw=10628	AT3G17210	0.14351158130653857	0.6055810058591338	0.786103039318199
dmw=10666	AT3G17740	-0.015719185844628236	0.9747153716284809	0.9922945584412636
dmw=11491	AT3G05245	0.04883291057655331	0.8328026580430492	0.9206582089804028
dmw=11531	AT3G27930	-0.3409515297751137	0.17193769143888765	0.3530760620183178
dmw=11534	AT3G27940	-0.33365349484803497	0.13442184855539513	0.2996683978748806
dmw=11677	AT3G05955	-0.2733979273770757	0.13025673393882983	0.29507326523011523
dmw=11681	AT3G29770	-0.007219649044785678	0.949593166316473	0.9799163094425452
dmw=11715	AT3G30220	-0.26611715483694953	0.37965285758050094	0.5961812136941882
dmw=11923	AT3G32896	0.5210330358009551	0.172665311909924	0.3539783022126656
dmw=11931	AT3G32904	0.09239511183215776	0.8077342736959159	0.9094844099886775
dmw=12011	AT3G33293	-0.2123679192623052	0.4163653945918171	0.6349251270888843
dmw=12047	AT3G42060	-0.03340889997868814	0.9193433094293885	0.9616299693179634
dmw=12213	AT3G43833	-0.6043419961055141	0.07775235058126137	0.1985028825650498
dmw=12277	AT3G44460	0.030881990259067224	0.8514180225900663	0.9293700726583124
dmw=12286	AT3G44570	0.4894913986076858	0.022410502158538664	0.07932069873851527
dmw=12787	AT3G50570	-0.5353057888965334	0.010990357107162922	0.04613392028639029
dmw=12799	AT3G50710	0.31138219856446653	0.4890502996347498	0.6918822211422497
dmw=12927	AT3G08295	0.016038379268697403	0.9333719117797747	0.9721634500980182
dmw=13505	AT3G09425	0.20826876700642974	0.7228629394781113	0.8640854742926337
dmw=13541	AT3G09565	-0.45850025498277386	0.023629966387754452	0.0822060768085724
dmw=9280	AT3G01120	-0.5903574509565529	0.015162687120688589	0.05860769700712892
dmw=9301	AT3G01350	0.1311922915505442	0.5474479832330765	0.7403811931830595
dmw=9306	AT3G01370	-0.4133405505563406	0.2017459262883022	0.39324444044767476
dmw=9315	AT3G01460	-0.029116335632013907	0.8356701033092132	0.9211875106496534
dmw=9316	AT3G01480	-1.0670341056302601	0.00010781948856708385	0.00140853544638701
dmw=9317	AT3G01500	1.0296731061725577	0.0002245701650767089	0.00231808688875094
dmw=9318	AT3G01500	-0.7849388703339725	3.2741465533374996e-05	0.0005699873108930269
dmw=9318	AT3G01510	-0.48475291763154077	0.0062508864325618195	0.03004324623242593
dmw=9353	AT3G02160	0.5409680823955195	0.0133815659051315	0.053526263620526
dmw=9353	AT3G02170	-0.18132597060066508	0.4594111976319515	0.6660648768501021
dmw=9354	AT3G02170	-0.2535776328289422	0.2352899647461259	0.43253903698838714
dmw=9371	AT3G02280	0.47435309395567704	0.10515367689905433	0.2536909925973256
dmw=9381	AT3G02370	0.37498173312811056	0.18881113970655433	0.3763962330513778
dmw=9382	AT3G02410	-0.9193330747381617	0.0040680501314155565	0.020989771266295393
dmw=9387	AT3G02460	-0.06165517120262599	0.8177404344420696	0.9157799225085341
dmw=9460	AT3G03380	0.2946607516038741	0.3938012230065565	0.611953033073543
dmw=9461	AT3G03380	0.3301221143985092	0.28043960837137444	0.4871001967185966
dmw=9514	AT3G04130	0.09511934757344524	0.737180610979447	0.8734365387575725
dmw=9527	AT3G04300	-0.39829922531101686	0.07389894349375947	0.19226250553037422
dmw=9582	AT3G04870	0.47158236016228505	0.09815866013834329	0.24011720049778
dmw=9585	AT3G04910	-0.4339887505467843	0.0417686879811055	0.12696026940791474
dmw=9591	AT3G05010	0.8051273094656036	0.17328538833419305	0.35406731593076385
dmw=9629	AT3G05410	0.5927666643994806	0.010843497334752324	0.04575881349510603
dmw=9639	AT3G05545	0.49522077762277783	0.12281542553834712	0.282919739795328
dmw=9671	AT3G05750	-0.742264574407906	9.705477873935167e-05	0.0012928837652890896
dmw=9781	AT3G06860	-0.0636016135424668	0.7885943282804111	0.9015999737169059
dmw=9857	AT3G07680	-0.1835098978898661	0.3789732720257398	0.5961812136941882
dmw=9861	AT3G07720	0.33377292695818583	0.17752379770652063	0.3603292951795163
dmw=9901	AT3G08640	-0.6108255192701466	0.0070584542236256835	0.0325856458143321
dmw=9973	AT3G09450	-0.4969238252072188	0.05297617372474309	0.15093907502084575
dmw=9974	AT3G09450	-0.7701717550207694	0.010371349550427466	0.04406926383365027
dmw=10088	AT3G10900	0.18618793247243995	0.33708837744884645	0.5548854256128464
dmw=10205	AT3G12360	-0.4889736743720029	0.041185924124729295	0.12581172842081487
dmw=10222	AT3G12670	-0.3179009726399091	0.14325972824073754	0.3119201175170669
dmw=10308	AT3G13404	0.4098972362007306	0.17102330292869244	0.3520577146454635
dmw=10319	AT3G13510	0.019744477991857943	0.9240346554495235	0.9657145165038424
dmw=10341	AT3G13750	-0.5887919307008859	0.006047667928118551	0.029582654234584674
dmw=10342	AT3G13750	-0.3091080449656424	0.10895377204752207	0.2603020079267648
dmw=10343	AT3G13750	-0.21853419162137755	0.2057356556201155	0.39721054074152384
dmw=10362	AT3G13980	0.7199943372718549	0.002167812556297613	0.013049381466340533
dmw=10364	AT3G13990	-0.6588814154550058	0.027532660221874432	0.09247609876822568
dmw=10372	AT3G02835	-0.12286701285725382	0.7233549410202178	0.8640854742926337
dmw=10409	AT3G14420	-1.0796360089707342	0.0003122640860704517	0.0029496945976501127
dmw=10422	AT3G14550	-0.4906488315307568	0.07111329619877041	0.18732959758360734
dmw=10423	AT3G14550	-0.4426030036139763	0.13702268332632767	0.3030945940753883
dmw=10435	AT3G14630	-0.6484347491185481	0.0014884883813030864	0.009827224366882742
dmw=10436	AT3G14640	0.426049190893525	0.03706236299926686	0.11551416691142057
dmw=10438	AT3G14650	-0.7365083854975628	0.025037995665336106	0.08612509433342504
dmw=10440	AT3G14660	-0.9069570134200742	0.0009085449344213692	0.006886994934996552
dmw=10505	AT3G15570	-1.1335243194537061	0.00011593349404009672	0.0014676941307344203
dmw=10550	AT3G16130	-0.08010123526623622	0.7485058937433268	0.8804264727172464
dmw=10550	AT3G16140	-0.9733387056560245	0.0015075912958172428	0.009854911834574119
dmw=10597	AT3G16785	-0.32960823586598015	0.23129484379311852	0.42647157384076506
dmw=10611	AT3G16940	-0.3048534315670507	0.46007734294165914	0.6662440768070252
dmw=10620	AT3G17185	-0.49034638634014627	0.19385609754639155	0.38356010251553013
dmw=10659	AT3G17630	0.12148847120628392	0.6669911329617837	0.8298532029149649
dmw=10660	AT3G17650	-0.2129001701575179	0.7646229011599934	0.8883225379607114
dmw=10677	AT3G17830	-0.14652066849431145	0.5425440873740544	0.7348901360622812
dmw=10786	AT3G19040	-0.0596689261950087	0.8653119950301115	0.9353900791346628
dmw=10795	AT3G19130	-0.48906925564988357	0.46525364836333083	0.6709958498261871
dmw=10825	AT3G19440	-0.3669159351064914	0.2280182096963733	0.42349688250125533
dmw=10826	AT3G19450	-0.7606507604301691	0.0004734699482435328	0.0040376465030767935
dmw=10836	AT3G19540	-0.289671630760831	0.17925141469358916	0.36144620237065267
dmw=10843	AT3G19610	0.2577245186373079	0.42115429928117787	0.6377034272716232
dmw=10910	AT3G20080	-0.4471274842676296	0.0710389856302705	0.18732959758360734
dmw=10913	AT3G20100	-0.8212902040123179	5.390957297444011e-05	0.0008379867799064868
dmw=10932	AT3G20300	-0.005654812688784902	0.9808412522725733	0.9922945584412636
dmw=10937	AT3G20362	-0.5703665710791321	0.0075406238330721605	0.0344233682788573
dmw=10963	AT3G20580	-0.17673458801642136	0.6001829787939015	0.7807465020751176
dmw=10996	AT3G20800	-0.10836460899905916	0.6311602978247715	0.8036744138437473
dmw=11000	AT3G20890	-0.15347181009175276	0.3346168586032089	0.5522977182321781
dmw=11001	AT3G20890	-0.1813914343426791	0.25428047687721606	0.45518429388516224
dmw=11029	AT3G21280	-0.3591081191212327	0.05037052208369195	0.14485948739759652
dmw=11073	AT3G21670	-1.178366464846833	2.2667288041672005e-05	0.00044183221770116224
dmw=11077	AT3G21700	-0.10244318825841472	0.6530430348215883	0.8199763259314012
dmw=11086	AT3G21870	-0.9492671672138061	0.001903493401965397	0.011805504533401553
dmw=11089	AT3G21990	-0.4536530113496063	0.057676565553763055	0.16097005113641144
dmw=11094	AT3G22104	-0.8022405458551788	0.00015308982940289155	0.0017247184450160627
dmw=11105	AT3G22200	-0.6410479844340653	0.034158596818388655	0.10880694609268449
dmw=11106	AT3G22220	-0.3687290533769883	0.02795195269273908	0.09302167454385796
dmw=11108	AT3G22235	-0.6464142770729792	0.02679741402076664	0.09095885340051511
dmw=11118	AT3G22350	0.10025012598107079	0.5656172770609793	0.7574460373292068
dmw=11134	AT3G22710	-0.48336427289446754	0.01853687052494561	0.06791880943890395
dmw=11156	AT3G23020	-0.47119865260831273	0.008309940259017655	0.03670721812256719
dmw=11169	AT3G23150	-0.26164066360875593	0.5030841364046803	0.7072743182923773
dmw=11176	AT3G23280	0.13194923642870465	0.6812302514515571	0.8390679526404334
dmw=11194	AT3G23450	-0.7531240548238688	1.0367658119876081e-05	0.00023576822539273757
dmw=11232	AT3G23810	-0.6527644416987475	0.0003937501101941328	0.003581667669025149
dmw=11296	AT3G04705	0.516328180385194	0.01685497033532954	0.06349050175394072
dmw=11341	AT3G25170	-0.3734460213590615	0.37764974269753393	0.5953194916977814
dmw=11360	AT3G25570	0.04162633646816314	0.8634387727451841	0.9346256652516476
dmw=11368	AT3G25690	-1.0865879141530057	0.0016051271586697148	0.010266125785658385
dmw=11382	AT3G26030	-0.003967095280831695	0.9898902111532599	0.9947654084492115
dmw=11393	AT3G26290	-1.199601347256781	4.358224244715045e-05	0.0007041972858565888
dmw=11407	AT3G26440	-0.8056388070412714	0.0015466175329648991	0.010016826193485519
dmw=11419	AT3G26650	-0.9371260643172528	6.947203091902674e-06	0.00018245915038561186
dmw=11428	AT3G26744	0.07509463198970145	0.8566547627463187	0.931773293757732
dmw=11452	AT3G27110	0.5266951925454737	0.425479279001555	0.6392841887978498
dmw=11457	AT3G27150	0.028260724396880918	0.8986875579662468	0.9521900959297248
dmw=11482	AT3G27400	0.16523023893347777	0.4338508956083902	0.6479596639504263
dmw=11491	AT3G27473	-0.3535607387077632	0.07599712192697936	0.19547185283637128
dmw=11530	AT3G27870	0.39999491697953	0.280875226233744	0.48716776527547684
dmw=11535	AT3G27940	-0.36389838749268827	0.12204045775035183	0.282919739795328
dmw=11537	AT3G27950	-0.10109909336502888	0.5064816331669735	0.7099325999760688
dmw=11540	AT3G27990	0.21442752423345784	0.5203182295690186	0.7171164825036531
dmw=11541	AT3G27990	0.4518643706505348	0.14662080337798056	0.31599502202080565
dmw=11549	AT3G28100	-0.7214535232349817	0.06736897739402453	0.17984587878230895
dmw=11554	AT3G28220	-0.6127550560580183	0.0008605248589231685	0.006609137845255903
dmw=11555	AT3G28345	0.004741267394858751	0.9888441714962233	0.9947654084492115
dmw=11564	AT3G28410	-0.27446255156538635	0.3660454231170771	0.5849404728736122
dmw=11599	AT3G28760	0.010459496065828936	0.9763678233558951	0.9922945584412636
dmw=11636	AT3G29200	-0.49472055045367147	0.06757851811996973	0.18001392679245734
dmw=11675	AT3G29720	-0.018286324017269658	0.9628790959790572	0.9869912603191003
dmw=11682	AT3G29770	0.13516181746142766	0.16826032423623583	0.3496170527277455
dmw=11692	AT3G29796	0.138747345986873	0.5600040087187517	0.7532145922306978
dmw=11696	AT3G29797	0.12833827001511336	0.6270593712917216	0.8015516350777849
dmw=11707	AT3G30160	-0.5127448886180643	0.02795114341503757	0.09302167454385796
dmw=11767	AT3G30770	-0.08041429613984906	0.7403750301025882	0.8750534523252919
dmw=11776	AT3G30820	-0.01057344128472503	0.9810613179553166	0.9922945584412636
dmw=11777	AT3G30820	0.00808215181810205	0.983367334127773	0.9922945584412636
dmw=11861	AT3G32130	-0.11072996993106027	0.5495089333730852	0.7423509022905925
dmw=11863	AT3G32150	-0.1968924384546178	0.3524984253536222	0.5748579898197185
dmw=11866	AT3G32190	-0.5411396987086246	0.0454435492577985	0.1346188339093154
dmw=11986	AT3G06315	0.29681262855622254	0.4429617826238923	0.655128546980871
dmw=12036	AT3G06345	0.3104635954157668	0.22107571044490787	0.41510852052958236
dmw=12037	AT3G06365	0.4543164255768131	0.016639412558554265	0.06306542784538469
dmw=12048	AT3G42060	0.021765208159850107	0.9434026558378819	0.9768115188608085
dmw=12049	AT3G42060	-0.1886944311403714	0.5629919924046107	0.7564049963598052
dmw=12135	AT3G43148	0.19681842496014854	0.5135227259727001	0.7125490480163568
dmw=12136	AT3G43148	0.1569473457892956	0.6349545758762813	0.8063332152803242
dmw=12141	AT3G06555	-0.35512490416321313	0.15947032875800984	0.33880547355507973
dmw=12146	AT3G43210	-0.5347840130553829	0.016426009962199378	0.06264658209674273
dmw=12155	AT3G43270	0.3781894223786155	0.0956685796538337	0.23561641852981094
dmw=12156	AT3G06565	0.4812962409415777	0.19396646878024773	0.38356010251553013
dmw=12194	AT3G43600	-0.7965475994975727	0.0020060147345801922	0.012284749740300043
dmw=12208	AT3G43800	-0.46489329838566024	0.13300254671695233	0.29804220322703917
dmw=12214	AT3G43837	0.4083474382509388	0.1322996485077924	0.2974000963807825
dmw=12216	AT3G43850	-0.15224358133031618	0.5541100234949098	0.7477030488265094
dmw=12229	AT3G43930	0.01749891952143537	0.9358782957863938	0.972299955351685
dmw=12276	AT3G44440	-0.5216915159935683	0.111781876185737	0.26513007179069553
dmw=12344	AT3G45140	-0.9529701785390912	1.035537368979463e-05	0.00023576822539273757
dmw=12363	AT3G45400	0.13654134151181935	0.2247968466125355	0.4195296772647319
dmw=12428	AT3G46380	0.07883662501411332	0.6811062293488468	0.8390679526404334
dmw=12438	AT3G46490	-1.106933293757162	2.563153284263253e-10	1.196422396796141e-07
dmw=12445	AT3G46620	0.11964965147541391	0.7980279361116804	0.9052611934846994
dmw=12449	AT3G46668	0.0863578599150205	0.5859508990546958	0.7688046333360066
dmw=12450	AT3G46668	0.11955603982563072	0.5090245123252517	0.710830803054422
dmw=12490	AT3G47110	0.3164220150508744	0.3880599739477302	0.6066617198853667
dmw=12515	AT3G47610	-0.5018029959331514	0.07140260436588905	0.1873555516267345
dmw=12535	AT3G47800	-1.0461827946661855	0.00017562425857030548	0.001925594549324421
dmw=12572	AT3G48120	0.26796444245282464	0.27278346814579396	0.4764980069459957
dmw=12605	AT3G48230	-0.24080049239631468	0.16868719090616463	0.34991194329859826
dmw=12638	AT3G48720	-1.327489308265244	3.8054457668619947e-06	0.00011682718504266324
dmw=12647	AT3G48770	-0.001399703318825695	0.9929644187498302	0.9947654084492115
dmw=12649	AT3G48780	-0.6672826996288933	0.004396735624596004	0.022310708045470633
dmw=12680	AT3G49142	-0.19178022981438764	0.102734711550011	0.24883279247221599
dmw=12739	AT3G49880	-0.15450280761972185	0.6611611848302057	0.8259470345589955
dmw=12741	AT3G49900	-0.68459980564137	0.0027644831336102933	0.015863482654548785
dmw=12742	AT3G49900	0.26751802339962766	0.672862697726391	0.8337794074752857
dmw=12781	AT3G50470	-0.5147605821673518	0.0031360656414183476	0.017504948216644233
dmw=12782	AT3G50480	-0.7330988860102866	0.00014233678092909373	0.0016542062253921204
dmw=12798	AT3G50700	-0.4640390469299907	0.25668241998293856	0.4574833261814928
dmw=12806	AT3G50990	-0.1770444444391949	0.7361102935202395	0.8733753047757044
dmw=12818	AT3G51140	-0.14909071197907703	0.37232692445372717	0.5899580170699058
dmw=12872	AT3G51850	0.07410968104232384	0.8090916886871634	0.909857686545638
dmw=12882	AT3G52100	-0.29924883955346815	0.34345864918639357	0.5638599213915658
dmw=12923	AT3G52742	-0.2776666501024012	0.46125793310189056	0.6671669515301786
dmw=12968	AT3G53460	-1.150067825741571	0.0007345629436358562	0.005857423992109295
dmw=12970	AT3G53490	-0.5375334872941644	0.06360162348463719	0.173176926029123
dmw=13000	AT3G08370	0.22701897012285369	0.19901582071549795	0.39039599107034967
dmw=13089	AT3G54890	-0.99238001679496	0.00023976274898385684	0.0023744246431627114
dmw=13115	AT3G55170	-0.1689332505090393	0.6167276322836919	0.7938918529418645
dmw=13129	AT3G55360	-0.7277613399647845	4.334099320605491e-05	0.0007041972858565888
dmw=13137	AT3G55430	0.014799191718537288	0.9486669037686803	0.979783816507939
dmw=13155	AT3G55740	-0.6343930286362499	0.1452631582744028	0.3143336087168717
dmw=13185	AT3G56170	0.5417823501977881	0.2312464917535263	0.42647157384076506
dmw=13187	AT3G56210	-0.3209523369003437	0.22853821351441814	0.42349688250125533
dmw=13188	AT3G56250	0.08495933367830417	0.6425544086245708	0.8101199320235861
dmw=13188	AT3G56260	-0.642721585818262	0.0008550923529551366	0.006609137845255903
dmw=13232	AT3G56940	-1.0833847861495036	0.0009685033372936943	0.007199974623633284
dmw=13249	AT3G57200	-0.21212060266402108	0.17076771940504337	0.3520577146454635
dmw=13272	AT3G57480	0.006991456594556134	0.9791651081862992	0.9922945584412636
dmw=13297	AT3G57740	-0.6103418107748961	0.00826015284477433	0.03670721812256719
dmw=13302	AT3G57780	-0.9059258370975374	1.4316767100994215e-06	5.6712870967809344e-05
dmw=13303	AT3G57790	-0.558230193111874	0.08821871305306316	0.22063661838933107
dmw=13305	AT3G57810	0.1624930157929563	0.7680453083699974	0.8914552350457058
dmw=13335	AT3G58160	0.47345726730838217	0.19164730773523556	0.38072682255778784
dmw=13385	AT3G59060	-0.5651004703362661	0.382119724160044	0.599288660623926
dmw=13429	AT3G59420	-0.9253870862318778	1.8637577956861837e-07	1.4768290927166904e-05
dmw=13437	AT3G59530	0.12558732064083328	0.207226713531543	0.39761625658864813
dmw=13468	AT3G59950	-0.6263982585906354	0.013438316577453195	0.0535787427178978
dmw=13469	AT3G59950	-0.6473735320319044	0.027533661545225935	0.09247609876822568
dmw=13474	AT3G09335	0.40412804226811144	0.2187549634769036	0.4132786079225194
dmw=13485	AT3G60290	-0.8561471107820631	1.7129906585350104e-05	0.00036268147046224013
dmw=13506	AT3G09465	-0.35057763171458023	0.1302666046291425	0.29507326523011523
dmw=13526	AT3G60870	0.8124605921645399	0.0013586111134846867	0.009301991486459053
dmw=13542	AT3G61130	0.19741060662373666	0.8233070313106039	0.9157799225085341
dmw=13567	AT3G61470	-0.6447107346103512	0.06331593878728448	0.17278216184618964
dmw=13578	AT3G61650	0.07371354243692688	0.7713824962702193	0.8916302441580148
dmw=13586	AT3G61690	-0.27887807315735824	0.6141621578996806	0.7930506097800293
dmw=13619	AT3G62280	0.11474181604054053	0.7609871483268598	0.8871272856974174
dmw=13657	AT3G62940	0.18522712690419643	0.5871131943728207	0.7688046333360066
dmw=13666	AT3G63150	-0.9295322467155688	0.0023672088579450713	0.01404315206549057
dmw=13676	AT3G63370	0.8355376929381145	0.023913539176542434	0.08275127878647157
dmw=13692	AT4G00005	0.25085105178704675	0.47764321859474923	0.6844175874379838
dmw=14035	AT4G03740	0.11171378819293686	0.7084730567083114	0.8554620586409108
dmw=14134	AT4G04745	-0.5205693397142196	0.0062731215705598324	0.03004324623242593
dmw=14172	AT4G04957	-0.4408398167332138	0.027306848289292515	0.09237688622383253
dmw=14249	AT4G06479	-0.05850114644451244	0.7955331881474345	0.9045506991157867
dmw=14372	AT4G05205	-0.11491636349895724	0.6713842275000247	0.8327877084545761
dmw=14372	AT4G06643	0.14888338512764573	0.5108913726984917	0.710830803054422
dmw=14973	AT4G12810	-0.2066089512276629	0.15263023735496287	0.32653298165835265
dmw=15137	AT4G14548	-0.853591053880041	1.179683409308766e-07	1.0347508761651176e-05
dmw=15356	AT4G06405	0.27076808563644533	0.5266826470776379	0.7194285768757946
dmw=15692	AT4G06975	0.18939326917816057	0.7897452604090353	0.9015999737169059
dmw=15696	AT4G21030	-0.5285713191300645	0.011007523325661525	0.04613392028639029
dmw=15744	AT4G21490	-0.2340609706328358	0.5148591023316198	0.7135970402519516
dmw=15745	AT4G21520	-0.7969870084152346	0.04194048343890404	0.12716768805672632
dmw=16083	AT4G25980	-0.22304649538022753	0.23780498096611954	0.43520792343725007
dmw=13693	AT4G00020	-0.3904330370847361	0.04336510661870584	0.1299547782772881
dmw=13722	AT4G00400	-0.6537480798503963	0.0012878214916962425	0.008965449152822687
dmw=13745	AT4G00580	0.10997384662491767	0.6315519620189056	0.8036744138437473
dmw=13763	AT4G00720	0.12417975835622896	0.724404072215298	0.8644977654814247
dmw=13772	AT4G00760	-0.025267146127826448	0.8940969014117262	0.9497845976934254
dmw=13778	AT4G00830	-0.18914407513725842	0.5108833177835359	0.710830803054422
dmw=13790	AT4G00970	-0.538234205640626	0.006356813397531782	0.030219820831845382
dmw=13806	AT4G01090	-0.340443595432752	0.09618920307372665	0.23576914446015235
dmw=13808	AT4G01130	-0.8913114665460893	1.924207286927284e-07	1.4768290927166904e-05
dmw=13844	AT4G01700	0.6155726245379675	0.04262364822163835	0.12860402952376387
dmw=13863	AT4G01890	-0.18057611411160668	0.3731825192891147	0.5905517186688568
dmw=13925	AT4G02510	0.6067205300377665	0.07282604928587677	0.1898734363546851
dmw=13925	AT4G02520	0.32957273186452507	0.17115509417210237	0.3520577146454635
dmw=13983	AT4G03080	0.2507821932885698	0.32523876130856266	0.5416414040388614
dmw=13984	AT4G03090	0.30526056325878076	0.0955176479798037	0.23561641852981094
dmw=14011	AT4G03380	-0.007914081804101518	0.9696053660824377	0.990056897736374
dmw=14036	AT4G03740	0.5329831483134769	0.21141229432515507	0.4025599447276731
dmw=14062	AT4G03930	0.6849152411866279	0.013380613289026752	0.053526263620526
dmw=14094	AT4G04330	-1.1793151866399088	0.0012505258187629647	0.008876564771334802
dmw=14117	AT4G04570	-0.831282512246408	0.0010260967879583108	0.007500278902457176
dmw=14118	AT4G04580	-0.2267973742026333	0.3973822512499735	0.6153662100062642
dmw=14119	AT4G04605	0.017975866108059152	0.9354821232378515	0.972299955351685
dmw=14120	AT4G04610	-0.662128319628798	0.0004550616833028517	0.003935322162647197
dmw=14138	AT4G04790	0.08363289136317266	0.8502430338594771	0.9289132078108878
dmw=14143	AT4G04840	-1.020010276020183	0.0009366058872130466	0.007013122131083056
dmw=14151	AT4G04890	2.7854008069499234	5.9004452817765244e-05	0.0008903250013392449
dmw=14152	AT4G04890	-0.03534797755045783	0.9580195153326878	0.9828843780067511
dmw=14187	AT4G05040	0.4567910129457954	0.08057290212691208	0.20442876820629757
dmw=14280	AT4G06526	-0.11191222267071199	0.7152017063046119	0.8575352538722288
dmw=14396	AT4G06688	0.24118453136343626	0.20591494784074887	0.39721054074152384
dmw=14397	AT4G06688	-0.034255615941298785	0.8983356295637703	0.9521900959297248
dmw=14398	AT4G06688	0.033964785710021206	0.8786401031558593	0.9392820827622437
dmw=14492	AT4G07932	-1.2873581532948097	0.02363089992950005	0.0822060768085724
dmw=14528	AT4G08180	-0.0027205550463906217	0.9908006225942729	0.9947654084492115
dmw=14538	AT4G08280	0.2832499012247061	0.09092258424214458	0.22693685660437712
dmw=14546	AT4G08310	-1.2846173473863602	2.6537599096123588e-05	0.00048639062223939945
dmw=14575	AT4G08470	-0.5582856176252983	0.027594627130426475	0.09247609876822568
dmw=14615	AT4G08850	-0.18395798838344174	0.3979137438839103	0.6154131958305313
dmw=14616	AT4G08850	-0.4156555094695536	0.10776200100219366	0.25864593769144284
dmw=14653	AT4G09150	-0.3812025751339697	0.18695024553743583	0.37329252279670116
dmw=14666	AT4G09500	-0.10025478048882025	0.4576246624418264	0.6658330396665437
dmw=14686	AT4G09650	-0.27113120523034856	0.7526220852329863	0.8818892372768198
dmw=14719	AT4G10020	0.7551885485009178	0.060276383210787196	0.16633572715246445
dmw=14733	AT4G10120	-0.979258034890337	5.9451669470535896e-05	0.0008903250013392449
dmw=14734	AT4G10120	-1.0196680324767946	0.0001390862105609023	0.001642287178546039
dmw=14783	AT4G10603	-0.7589990340532378	0.02254619245513398	0.07955955268650726
dmw=14792	AT4G10695	-0.28817945305465564	0.48874210867695433	0.6918822211422497
dmw=14793	AT4G10695	0.03976354978307553	0.904575510682451	0.9546204159317128
dmw=14797	AT4G10760	-0.07750100085684652	0.7702012728252075	0.8916302441580148
dmw=14805	AT4G10890	0.25569488765703263	0.27678712254613835	0.48211998083213886
dmw=14884	AT4G11820	-0.5326859427884236	0.001948368384872978	0.012023097369969935
dmw=14900	AT4G11920	-0.3347646372612641	0.13022900869858525	0.29507326523011523
dmw=14917	AT4G12040	-0.40089121347616125	0.13446033161975504	0.2996683978748806
dmw=14932	AT4G12460	0.4104338923724136	0.036567526057818794	0.11455337244643235
dmw=14954	AT4G12690	-0.8163709000163083	0.0013920354592664435	0.00939241507680875
dmw=15018	AT4G13410	-0.49783760679974853	0.03360829504231571	0.10790348728770258
dmw=15021	AT4G13420	-0.3219662452789091	0.06321238855311488	0.17278216184618964
dmw=15022	AT4G13420	-0.17566443499066808	0.22846386512905525	0.42349688250125533
dmw=15026	AT4G13495	-1.211212063153355	0.00291685340711511	0.01665998132063886
dmw=15027	AT4G06085	0.0532893824842771	0.9038261025118212	0.9546204159317128
dmw=15033	AT4G13575	-1.385340526414899	7.315353266984828e-08	8.149653674532967e-06
dmw=15077	AT4G13992	-0.2859175265818005	0.10997817888592952	0.2622392304309154
dmw=15083	AT4G14100	-0.7404946196606597	0.001728038270684853	0.010826688757147958
dmw=15083	AT4G14090	-0.8526880045541034	0.003183496562425854	0.01768929311610384
dmw=15116	AT4G14340	-0.25630558053231495	0.2827676734367236	0.48906859574689654
dmw=15117	AT4G14340	-0.2388906630770495	0.2699668954407772	0.4755885878426916
dmw=15129	AT4G14390	-0.1512866377289835	0.4826991606000878	0.6868534985132188
dmw=15166	AT4G14815	0.083184729526542	0.5317046073569198	0.7254813975936639
dmw=15167	AT4G14820	-0.19151652322195817	0.2082165098266049	0.3988921592309997
dmw=15191	AT4G14980	0.004506128209065906	0.9705207441042856	0.990056897736374
dmw=15212	AT4G15180	-0.3135333346549092	0.5107972576353013	0.710830803054422
dmw=15254	AT4G15540	0.26998007719539363	0.4700908437349409	0.6751714106508859
dmw=15271	AT4G15760	-0.7347771528829934	0.0002864575738363077	0.0028141592053678864
dmw=15272	AT4G15765	-0.31541304062350906	0.330824581056509	0.5475102230962171
dmw=15290	AT4G15975	-0.3619684517143424	0.2886217614447285	0.4936316477076972
dmw=15341	AT4G16380	-0.994527320311158	0.0012804255674311001	0.008965449152822687
dmw=15343	AT4G16420	-0.5598554855686719	0.05537156186538891	0.15534902064036957
dmw=15349	AT4G16480	-0.07009252653888212	0.7130098894908812	0.8567161049673115
dmw=15360	AT4G16660	0.5212298024833212	0.2517411392147744	0.4512965240229824
dmw=15374	AT4G16857	0.3763986247666386	0.3677371620336686	0.5860309456455447
dmw=15378	AT4G16890	0.031677898879825556	0.908757222861191	0.956194112909299
dmw=15384	AT4G16990	-1.0211756248670913	2.548639183152418e-05	0.0004802532009727996
dmw=15395	AT4G17090	-1.0084081846092898	0.00260499689923242	0.015160835034395316
dmw=15444	AT4G17610	0.18011589432972344	0.5758531943674187	0.7657479448147133
dmw=15517	AT4G18700	-0.9472052584138895	0.0020404132704632013	0.012404096515489165
dmw=15529	AT4G18840	-0.06587655691728685	0.799428592024674	0.9052611934846994
dmw=15533	AT4G18970	-0.9797308559523152	3.5391106465522823e-07	2.2873830915611594e-05
dmw=15534	AT4G18970	-0.9286863070348047	2.9708502778190535e-08	4.560255176452247e-06
dmw=15535	AT4G18975	-0.5171748246617884	0.0206493486344622	0.07436187719389906
dmw=15566	AT4G19170	1.0768637280149933	0.021831964617406625	0.07793503648306783
dmw=15577	AT4G19270	0.10726564810511671	0.640842272915809	0.8096237768936352
dmw=15637	AT4G20170	0.1700353366911188	0.48610597342522244	0.690101890596732
dmw=15639	AT4G20270	-0.8354269704988717	7.027817846712702e-06	0.00018245915038561186
dmw=15649	AT4G20360	-0.47765949778086003	0.32843754273752057	0.5457663091768271
dmw=15663	AT4G20650	0.4192720227552649	0.32549697288287927	0.5416414040388614
dmw=15664	AT4G20670	-0.03837766949472135	0.87369539881349	0.9373567542120625
dmw=15665	AT4G20700	0.3121316810144011	0.3216162523410732	0.537522587503348
dmw=15667	AT4G20735	0.09007309350952866	0.5673640443723373	0.7589575669817323
dmw=15671	AT4G20800	0.10990556606379628	0.497713166479829	0.7025192740657816
dmw=15672	AT4G20830	-0.5596775443196785	0.008581505485020869	0.03736910899150932
dmw=15693	AT4G20953	-0.37086402440342997	0.09529366801669656	0.23561641852981094
dmw=15697	AT4G21060	0.1993162062897132	0.25147948751978055	0.4512965240229824
dmw=15718	AT4G21270	-0.33862693593358095	0.09323555033894364	0.2322378414122166
dmw=15745	AT4G21510	-1.0304424765822267	0.02886026751206118	0.0957567278796162
dmw=15759	AT4G21550	0.3689381462731286	0.10494033949247175	0.2536746789306207
dmw=15796	AT4G21990	-0.0032591620930186084	0.985848901805311	0.9931275237218392
dmw=15819	AT4G22410	0.6747688361967072	0.03091074417034336	0.10149303166091349
dmw=15822	AT4G22430	0.17758570356334294	0.6167531170248687	0.7938918529418645
dmw=15824	AT4G22475	-0.1598367476746011	0.38916518205543726	0.6066617198853667
dmw=15831	AT4G22730	-0.7318018666090853	0.00022841084164402584	0.00231808688875094
dmw=15865	AT4G23080	0.07462436398199425	0.7716402682271599	0.8916302441580148
dmw=15869	AT4G23130	-0.8168808740449851	4.869654460548684e-05	0.000776615023058933
dmw=15881	AT4G23250	-0.6297806440031041	0.01795860432580016	0.0664251991327789
dmw=16083	AT4G25970	-0.5162174653778256	0.03177684786408717	0.10302773864376824
dmw=16092	AT4G26150	-0.9773520796643	0.015176911765689737	0.05860769700712892
dmw=16124	AT4G26600	-0.3396363683582386	0.0742197352406541	0.19268886865861148
dmw=16169	AT4G27010	-0.6569172499248821	0.0017509876854735543	0.010914786181530583
dmw=16172	AT4G27030	-0.5491802452613055	0.10067930224221418	0.24579360467880518
dmw=16174	AT4G07765	-0.30182053711629325	0.3892910710665056	0.6066617198853667
dmw=16202	AT4G27500	-0.10219475298014256	0.6084697118681726	0.7881865044030758
dmw=16204	AT4G27570	-0.3302059861604968	0.17808983971259001	0.3608817213977897
dmw=16292	AT4G28650	-0.24103639361531856	0.3058497217949912	0.5137940606898074
dmw=16295	AT4G28680	-0.23317533451807082	0.4000260629363165	0.6179018934412537
dmw=16355	AT4G29730	0.17163875785174618	0.5165815730699439	0.7143718150111387
dmw=16358	AT4G29780	-0.2604956449457697	0.20967522333896244	0.4010610190969562
dmw=16409	AT4G30150	-0.6291274014182263	0.005355145734641878	0.02673219090300905
dmw=16420	AT4G30340	-0.73352318903162	7.979085196152866e-05	0.0011262432897558299
dmw=16421	AT4G30350	-0.5613212960715023	0.00012959089701265546	0.0015601727601131463
dmw=16425	AT4G30400	-0.8842722690202603	7.77176338377275e-07	3.6390985850764876e-05
dmw=16442	AT4G30710	0.13931132731072446	0.3561433122434646	0.5769709596767474
dmw=16509	AT4G31210	0.17017445360596384	0.2997960088307343	0.5066975989158843
dmw=16544	AT4G31590	-0.3901518618904527	0.04813364552244126	0.14006662725487648
dmw=16608	AT4G32420	0.11116451469108891	0.7900012799017839	0.9015999737169059
dmw=16723	AT4G33400	0.23548145852119745	0.0656722829495261	0.17724299661981988
dmw=16784	AT4G34110	-0.04056972169567797	0.8806077174998455	0.9403358931215742
dmw=16789	AT4G34140	-0.4006146152835838	0.028929760621610436	0.0957567278796162
dmw=16790	AT4G34140	-0.539404420495674	0.03128820235900169	0.1024584333249442
dmw=16823	AT4G34510	0.0814829006447719	0.6008317905235375	0.7807634272623324
dmw=16831	AT4G34710	-0.21285084135309193	0.25746025987542337	0.45754153274532544
dmw=16844	AT4G35090	-1.3600456085710708	0.0005083705821687304	0.0042758840746794586
dmw=16911	AT4G36050	0.7048115977536522	0.0016898105819379843	0.010683348269197342
dmw=16939	AT4G36210	0.043584094417599625	0.8197843433247485	0.9157799225085341
dmw=16946	AT4G36360	-0.580848258670965	0.008457302464851728	0.03709131223870687
dmw=16952	AT4G36460	0.04308812268901162	0.8207126354823187	0.9157799225085341
dmw=16977	AT4G36760	0.4219926788071886	0.16792295202525492	0.3496170527277455
dmw=16977	AT4G36770	0.21763066703162345	0.44785373879583634	0.6602213580327576
dmw=16982	AT4G36910	-0.2609385313588338	0.1764831087957319	0.3594050706486878
dmw=17003	AT4G37270	0.7682392974007185	0.016304713560352204	0.06256933828785158
dmw=17016	AT4G37550	-0.9165505007697503	0.0006796459803791488	0.005527187178182747
dmw=17020	AT4G37610	-0.6498260097470366	0.03475382293848309	0.1097112970911497
dmw=17038	AT4G37980	-1.1734370350166716	0.006818855179965188	0.03171800818559565
dmw=17080	AT4G38370	0.08808056267444353	0.729750717741825	0.8683467842896909
dmw=17094	AT4G38545	-0.16555176587611295	0.5331320582041752	0.7266217175080213
dmw=17096	AT4G38552	0.5887579074231564	0.21144231624539833	0.4025599447276731
dmw=17096	AT4G38550	-0.4091125041807784	0.11349694985934086	0.2685438428271109
dmw=17113	AT4G38780	-0.26078716855809553	0.16122911215711322	0.34077340745083484
dmw=17138	AT4G39160	0.10806229551725159	0.6583167910650607	0.8240703561956111
dmw=17143	AT4G39280	0.27290921953166153	0.4492551779826003	0.6607010282187223
dmw=17145	AT4G39330	-0.9220297758871951	4.208747526798085e-05	0.0006990320174120782
dmw=17162	AT4G39420	-0.5180783948008993	0.12302861649080224	0.282919739795328
dmw=17188	AT4G39980	-0.6300869693296469	0.004119048664245663	0.021163982258132527
dmw=17403	AT5G04267	-0.7312684012275164	0.005145992340652642	0.02579297385437324
dmw=19142	AT5G24655	-0.14280571041521523	0.7071722406675711	0.8551431937199286
dmw=19156	AT5G24740	-0.1526907138632955	0.6756106376498485	0.8347907348210878
dmw=19193	AT5G25000	-0.04209936760328249	0.808019129721211	0.9094844099886775
dmw=19457	AT5G04435	0.24164331873200717	0.23842746985423918	0.4356201559364824
dmw=19532	AT5G28410	-0.09901052193797959	0.6276683830010836	0.8015516350777849
dmw=19690	AT5G04945	-1.016524798325141	0.12391866200590013	0.2844066977646169
dmw=20142	AT5G05475	-0.4766000075128956	0.4182666573914926	0.6349251270888843
dmw=20217	AT5G05625	-0.23990814033445446	0.22069057304324596	0.41510852052958236
dmw=20250	AT5G05755	-0.2032571565743958	0.2556713911322056	0.4570079596948304
dmw=20290	AT5G38865	-0.6057606747453601	0.0026475724337182245	0.01526393872584967
dmw=20622	AT5G43064	-0.16494240494354506	0.6332817330682267	0.8050413749562964
dmw=20880	AT5G06765	0.0967186897297717	0.5906137355911194	0.7718534580600158
dmw=20942	AT5G46825	-0.08589763836276039	0.7019766724706136	0.8538376108794961
dmw=20950	AT5G46970	-0.47974523246821366	0.20669180418064637	0.39721054074152384
dmw=21587	AT5G08225	-0.334287365197909	0.14793269704479364	0.31814597543083467
dmw=21819	AT5G57760	-0.8946572544654181	7.621737823462006e-05	0.0010883132613036446
dmw=21819	AT5G57770	-0.6545660808365822	0.010627484980100462	0.04500190191573575
dmw=17196	AT5G01090	-0.16486728609265863	0.5793518937405204	0.7657479448147133
dmw=17205	AT5G01230	-0.2466234487148094	0.27860217959998795	0.48459415941754275
dmw=17343	AT5G03490	-0.1928654186881951	0.6415056810072268	0.8096289581468392
dmw=17356	AT5G03660	0.6557552071095467	0.3322758348740579	0.5491719047447416
dmw=17410	AT5G04290	0.011423515534262114	0.9649720816099148	0.9874880968474794
dmw=17430	AT5G04540	0.5983954895293693	0.0712401645533751	0.18732959758360734
dmw=17457	AT5G04850	0.1582934930073207	0.41737302109498564	0.6349251270888843
dmw=17459	AT5G04870	-0.3628826411264036	0.068830527890447	0.1825569940593281
dmw=17489	AT5G05180	-0.09877900476991587	0.7136975369556675	0.8567161049673115
dmw=17502	AT5G01055	-0.3929011357276196	0.21769357882338528	0.4119071106242174
dmw=17526	AT5G05590	-0.02766617473190678	0.8854492242668717	0.9437881071530343
dmw=17537	AT5G05730	-0.5256163419402978	0.0268136033639955	0.09095885340051511
dmw=17563	AT5G06100	-0.2454254395926241	0.5908324516094584	0.7718534580600158
dmw=17578	AT5G06170	-0.5991782084948145	0.019460386599944327	0.0708275718496007
dmw=17589	AT5G06265	-0.05628898459065188	0.9010206668240855	0.9530175528509708
dmw=17591	AT5G06280	1.3802359088396317	0.00011414967062406414	0.0014601645367328206
dmw=17625	AT5G06700	-0.1906471238699903	0.42026160003185997	0.6371373393075606
dmw=17677	AT5G07400	-0.07621877530040086	0.5809566142460345	0.7657479448147133
dmw=17680	AT5G07590	-0.4869129519877822	0.03862643480497687	0.12008420744433317
dmw=17789	AT5G08520	-0.6287241522726632	0.049875586969633595	0.14377281877631468
dmw=17859	AT5G09660	-1.098681742702808	8.627483531671707e-08	8.149653674532967e-06
dmw=17870	AT5G09860	0.45563360311349843	0.036975702895705724	0.11551416691142057
dmw=17871	AT5G09870	-0.508549274742712	0.013835763276692364	0.05480747517347814
dmw=17888	AT5G10200	0.2805191380013553	0.12243527451005703	0.282919739795328
dmw=17895	AT5G10340	0.3513804232937327	0.07546812168685532	0.19469507023415616
dmw=17907	AT5G10480	-0.6991582775107104	0.001652076216782946	0.010511655928546413
dmw=17949	AT5G10965	-0.0336339644665733	0.8709880445490068	0.9373567542120625
dmw=18030	AT5G11790	-0.34936945922396884	0.11907074514328271	0.27851214292562126
dmw=18032	AT5G11790	-0.43218811189597406	0.034201531915127203	0.10880694609268449
dmw=18048	AT5G11960	0.7096832128612015	0.2938637827537932	0.4984319409138923
dmw=18156	AT5G13400	-1.0032873196355452	1.8416690877250867e-06	6.64378709243148e-05
dmw=18186	AT5G13630	-1.088955035815889	0.0007474035697545861	0.00592136505586214
dmw=18187	AT5G13630	-1.0031565744795325	0.023150484024746325	0.08099371618914099
dmw=18194	AT5G13660	-0.5399286693281693	0.008198678155111615	0.03670721812256719
dmw=18203	AT5G13740	0.5907624428829243	0.007131062344405853	0.032767643236080446
dmw=18227	AT5G14050	-0.815001965129177	0.0003872857621651972	0.0035491560890959857
dmw=18235	AT5G14120	-0.658854130813964	0.016793337035553454	0.06345297809126044
dmw=18241	AT5G14220	-0.44205408864263235	0.06726394424524575	0.17984587878230895
dmw=18242	AT5G14220	-0.2926085399693649	0.179216146229986	0.36144620237065267
dmw=18244	AT5G14230	0.03043624405022225	0.9372105027809947	0.9728609445604915
dmw=18266	AT5G14550	-0.6931909650893187	0.020472268519334508	0.07394101688747874
dmw=18274	AT5G14610	-0.09893604276950912	0.5033857933123271	0.7072743182923773
dmw=18279	AT5G14650	0.139843182959626	0.6492079780116174	0.8176691251264269
dmw=18327	AT5G15420	-0.10863441163864086	0.6791485526537906	0.8381853494058843
dmw=18368	AT5G15780	-0.7162770674370861	0.002216479698676554	0.013277253999877114
dmw=18373	AT5G15840	-0.5213846565187416	0.1178849113116105	0.27626463948598795
dmw=18375	AT5G15845	-0.05422189816828689	0.8218874890770723	0.9157799225085341
dmw=18414	AT5G16290	-0.03817412839947989	0.8722449402138835	0.9373567542120625
dmw=18498	AT5G17320	-1.0296825813819064	0.05206254160221051	0.14902750836250467
dmw=18533	AT5G17730	0.12404629945623584	0.5598849254629112	0.7532145922306978
dmw=18543	AT5G17920	-0.23041518453545815	0.4466553787472032	0.6592461599778432
dmw=18551	AT5G18050	-1.0374265646562613	0.00029159315823980194	0.002841876177130768
dmw=18553	AT5G18070	-0.7814900795938803	3.295529240505286e-05	0.0005699873108930269
dmw=18586	AT5G18410	-0.46907543591238937	0.17851730541767535	0.36115197867035476
dmw=18652	AT5G19020	-0.04756610123750252	0.8603276453422228	0.9341134822990713
dmw=18662	AT5G19220	-0.6375934479129104	0.014235353936573502	0.05620905027045743
dmw=18760	AT5G20050	-1.055743002524354	1.3153116250107561e-06	5.384008918377361e-05
dmw=18772	AT5G20250	-0.1952188035025271	0.5796273461676811	0.7657479448147133
dmw=18773	AT5G20250	0.02949792720320654	0.9268517533885468	0.9678349941846389
dmw=18775	AT5G20270	-0.8569527975363932	5.5233159774318116e-05	0.000847829002535783
dmw=18797	AT5G20480	-0.3904991002859281	0.16767328604622053	0.3496170527277455
dmw=18909	AT5G22300	-0.2216552476407804	0.030044683506701014	0.09891386419900494
dmw=18928	AT5G22510	0.5965605900738773	0.10099763623182531	0.24608154224738388
dmw=18977	AT5G22920	-0.3660727212086624	0.10254683426798598	0.24883279247221599
dmw=18985	AT5G23050	-0.7433156548900005	0.00040451290541002207	0.0036525135870846114
dmw=19016	AT5G23350	-0.21077756022694805	0.14389138460224948	0.3127409208700219
dmw=19036	AT5G23575	-0.2163846541160543	0.43708223362546617	0.64980264272648
dmw=19052	AT5G23720	-0.15231620668736506	0.3473786044066637	0.5687745682818439
dmw=19053	AT5G23750	-0.4125678589829045	0.5117643277027978	0.710912437125606
dmw=19071	AT5G24030	-0.47270939419665	0.05414850736033525	0.15321282727763064
dmw=19083	AT5G24200	-0.34311598423116413	0.16249281178514405	0.34168009053451526
dmw=19084	AT5G24210	-0.7844529877990104	0.00030858461411991094	0.002937534156118222
dmw=19087	AT5G24270	-0.8543430010684231	1.2168418098627488e-05	0.00027168758954753736
dmw=19142	AT5G03815	-0.13909718991487036	0.5872465358869496	0.7688046333360066
dmw=19194	AT5G25040	-1.1386572327411821	0.00022525188985206716	0.00231808688875094
dmw=19209	AT5G25110	0.15230531281551699	0.5236845922887319	0.7189832282044258
dmw=19228	AT5G25370	0.06382599794722904	0.7503300407131663	0.8808845984663176
dmw=19229	AT5G25370	0.19444366023124932	0.31227478827713556	0.5238708196780362
dmw=19233	AT5G25420	-0.012044899042852034	0.9577991030444679	0.9828843780067511
dmw=19291	AT5G26030	-0.04185389704649613	0.7865408332797164	0.9003245459442254
dmw=19307	AT5G26200	-0.9555837306366514	5.655756073983862e-06	0.00015784701042845868
dmw=19385	AT5G27120	-0.545934620392868	0.008508036011936346	0.03718102570340866
dmw=19391	AT5G00480	-0.22362761142250698	0.38504545287221137	0.6031069083253515
dmw=19475	AT5G27893	0.3393957313084232	0.13085233915308705	0.29507326523011523
dmw=19478	AT5G00490	-0.7893005557622466	0.00022801356162096165	0.00231808688875094
dmw=19484	AT5G27950	0.29164933168356333	0.04840749396201937	0.1405305025658624
dmw=19485	AT5G27950	0.18072075279266503	0.27079953521787375	0.47573938375901137
dmw=19504	AT5G28060	-0.11900253146184527	0.6953831197232441	0.8505283575897845
dmw=19506	AT5G28080	0.7782695174713224	0.03909017570196102	0.12121902970204075
dmw=19507	AT5G04665	-0.34081479932997366	0.35431792631578807	0.5767315292609047
dmw=19533	AT5G28410	0.0407520977190936	0.8006724430049752	0.9052611934846994
dmw=19536	AT5G28463	0.21572298244856292	0.4560368005463392	0.6658330396665437
dmw=19574	AT5G28824	0.28502222726333626	0.4328770697811971	0.6474702091246164
dmw=19624	AT5G29050	0.36663157892351245	0.42426932342656853	0.6392841887978498
dmw=19788	AT5G32590	-0.32085557747114846	0.42515655446705936	0.6392841887978498
dmw=19822	AT5G32670	0.1611865579787587	0.509100884483023	0.710830803054422
dmw=19868	AT5G33806	0.28331733872097137	0.41260056013222757	0.6309757009245025
dmw=19869	AT5G33806	0.24508997418195083	0.27032641230797944	0.4755885878426916
dmw=19879	AT5G34829	-0.12160812287710036	0.7453213637845615	0.878363373058965
dmw=19896	AT5G34850	-0.9625586036515724	0.0004969237683899586	0.004208430259192201
dmw=19904	AT5G34870	-0.10675041335994229	0.8706400076455765	0.9373567542120625
dmw=19911	AT5G34940	0.11533968611909572	0.4619008777556294	0.6673109151575446
dmw=19955	AT5G35375	-0.3827093012092328	0.05540950410462693	0.15534902064036957
dmw=19956	AT5G35375	-0.44907626576389553	0.017489294662685274	0.06508137529023489
dmw=19967	AT5G05185	-0.3734071882105759	0.13247382143345932	0.2974000963807825
dmw=19973	AT5G35450	0.14993324242288775	0.5727423578514026	0.7645901586373604
dmw=20001	AT5G35670	-0.5841420034462714	0.0014177657641694383	0.009462045426087338
dmw=20018	AT5G35732	-0.37779199736894603	0.07166566878222423	0.18764486410356365
dmw=20020	AT5G35740	-0.7664959559818776	0.0015087324307002724	0.009854911834574119
dmw=20051	AT5G35945	-0.22232276443098747	0.4353149208136007	0.6479596639504263
dmw=20064	AT5G36100	0.03464937265389745	0.8557003490853113	0.931773293757732
dmw=20077	AT5G36220	-0.29186602404029494	0.6644819765795935	0.8284100175022749
dmw=20097	AT5G36920	-0.5680828486140056	0.0008665074862265475	0.006609137845255903
dmw=20140	AT5G37270	0.05498750497353533	0.8687971230610569	0.9373567542120625
dmw=20195	AT5G37830	-0.3689651316426866	0.19706329659445945	0.38781046188781443
dmw=20223	AT5G38190	0.3082177158584757	0.1374785740227942	0.3030945940753883
dmw=20224	AT5G38190	0.42597183328533933	0.1968875965105377	0.38781046188781443
dmw=20234	AT5G38220	-0.4001524580662245	0.06529641157112255	0.17700660796763465
dmw=20240	AT5G38380	0.20397433272729892	0.4564684472314371	0.6658330396665437
dmw=20244	AT5G38430	-1.116918129214844	1.8935875263444771e-06	6.64378709243148e-05
dmw=20252	AT5G38490	0.5034655112818748	0.2244782796221349	0.4195296772647319
dmw=20257	AT5G38530	-0.8183737607728396	8.189831427038997e-07	3.6390985850764876e-05
dmw=20290	AT5G38860	-0.514281331675655	0.007151244615040358	0.032767643236080446
dmw=20297	AT5G38895	0.23602798546611675	0.13619079493359068	0.3029751742363213
dmw=20300	AT5G38960	0.22546981979781505	0.5178035863219173	0.7152562474727946
dmw=20305	AT5G39020	-0.2930900752536253	0.1309567830215088	0.29507326523011523
dmw=20310	AT5G39100	-0.10197150962562311	0.7947562235541821	0.9045047660097643
dmw=20313	AT5G39210	-1.1764050041578233	1.5020750132517419e-05	0.0003267175461197813
dmw=20314	AT5G39250	-0.04450801609010137	0.833690495428508	0.9206582089804028
dmw=20328	AT5G39493	0.5386336254454542	0.10850730247832684	0.2597406772775543
dmw=20357	AT5G39890	0.02094110816364179	0.9454954700528189	0.9773303343643616
dmw=20439	AT5G40850	-0.9432437185285235	0.00012376011556644587	0.0015351254738949045
dmw=20440	AT5G40850	-0.926100421120894	4.213688427892881e-07	2.4600191895257414e-05
dmw=20448	AT5G40910	-0.09118011961736441	0.6637839857753489	0.8283808277765533
dmw=20459	AT5G41140	0.0729924252772485	0.8013183365780685	0.9052611934846994
dmw=20499	AT5G41640	0.08326533209851007	0.6853044030928985	0.8423962032012806
dmw=20500	AT5G41670	-0.8268258855682447	0.002010777441205463	0.012284749740300043
dmw=20572	AT5G42480	0.3232553715161327	0.06645432077374168	0.1785687219040586
dmw=20572	AT5G42490	-0.027290271874684975	0.8212844691553474	0.9157799225085341
dmw=20589	AT5G42635	0.04189830073009052	0.9003155550055304	0.9530175528509708
dmw=20595	AT5G42680	-0.15302118564302875	0.18255009583986562	0.36629332956103755
dmw=20615	AT5G42940	-0.47811408783805326	0.06562315680855989	0.17724299661981988
dmw=20628	AT5G43130	0.05230718213553795	0.8125440190611297	0.9126029851316724
dmw=20629	AT5G43130	-0.034140615419560955	0.848140896429247	0.9282682894965377
dmw=20638	AT5G43270	-0.6032058682678455	0.043352725979464476	0.1299547782772881
dmw=20649	AT5G43420	-0.1798941272205487	0.35810193501695387	0.5786173371063412
dmw=20664	AT5G43630	-1.0136114665754365	0.003213846772356907	0.01777749475880307
dmw=20665	AT5G43630	-0.6449577599547314	0.014722833924565287	0.057214050820779024
dmw=20680	AT5G43755	-0.2976903262154163	0.06269540529784765	0.17185258416463595
dmw=20709	AT5G44010	-0.9185156833032081	2.772598689086854e-06	8.730131256919633e-05
dmw=20710	AT5G44010	-0.7408874753584962	6.448616923054396e-05	0.0009540845278928672
dmw=20741	AT5G44410	-0.93100525801257	0.0012789561189436166	0.008965449152822687
dmw=20753	AT5G44572	-0.661880993619776	0.04549414989606342	0.1346188339093154
dmw=20753	AT5G44574	-0.02611486456257637	0.9137199369775277	0.9581964838671256
dmw=20765	AT5G44740	-0.16321660108585778	0.4820123608516973	0.6866719015381488
dmw=20774	AT5G44770	-0.6506451785267807	0.008026009641100555	0.03610234373359517
dmw=20775	AT5G44780	0.06453049790872079	0.7628716723912645	0.8871272856974174
dmw=20776	AT5G44780	-0.06577598537100636	0.730724774335343	0.8686641073415307
dmw=20776	AT5G44785	0.2789351159830886	0.3575009585001684	0.5784073478764252
dmw=20801	AT5G45095	-0.1541867987606687	0.47990112531189655	0.6866719015381488
dmw=20846	AT5G45472	0.3947016257801619	0.05720744679723505	0.160024475323473
dmw=20847	AT5G45490	-0.3602855585766943	0.39467980634710587	0.611953033073543
dmw=20874	AT5G45730	-0.573924405292008	0.003814812286554593	0.02010553428278558
dmw=20883	AT5G45950	-0.7282906541401472	0.0009732864719243691	0.007199974623633284
dmw=20932	AT5G46620	-0.3895626955486284	0.2981472683544965	0.5049997869507885
dmw=20949	AT5G46950	-0.6165735261748361	0.061727977472940974	0.16957932066391837
dmw=20970	AT5G47130	-0.4933388889441117	0.07451988012607386	0.19305994260510273
dmw=20971	AT5G47150	-0.2552166086396564	0.16209628401268958	0.34168009053451526
dmw=20998	AT5G47580	-0.025327895443192246	0.8298362871095678	0.9197102532225174
dmw=21048	AT5G48150	0.027346357056435924	0.9093337471706919	0.956194112909299
dmw=21070	AT5G48410	-0.22662676649571717	0.2856961944999161	0.492054595856798
dmw=21114	AT5G48880	-0.04285706702710803	0.8763921773388021	0.9391008671658369
dmw=21127	AT5G49010	0.01683249912232811	0.9324865680227841	0.9720657941697614
dmw=21164	AT5G49440	-0.6032986494384552	0.029930109210891225	0.09880154330907102
dmw=21195	AT5G49730	-1.1187177856328312	2.129959206249297e-05	0.0004218693395603446
dmw=21196	AT5G49740	-0.9901599010539577	0.00020688478664888428	0.0022091697217811296
dmw=21257	AT5G07605	-0.7302312973925483	0.012831269901353729	0.05200263841208706
dmw=21286	AT5G50860	-0.3989880457319564	0.06157426401439806	0.16953631437148167
dmw=21287	AT5G50860	-0.554565337590667	0.01296985178179783	0.05221959996081225
dmw=21289	AT5G50890	-0.3741001253676373	0.031797648978817726	0.10302773864376824
dmw=21354	AT5G51460	-0.8251041404686066	0.0010857537529268238	0.007889382299373608
dmw=21385	AT5G51740	-0.2775452174335999	0.25785934076595585	0.45758854112802566
dmw=21386	AT5G51750	-0.2749010593896099	0.2059344857590791	0.39721054074152384
dmw=21394	AT5G51850	-0.5173491738372424	0.13681028053556102	0.3030945940753883
dmw=21406	AT5G52060	-0.5384474502499619	0.0026315549420765213	0.015243157872028153
dmw=21407	AT5G52100	0.017119635190137972	0.9381346711200234	0.9729977838981323
dmw=21409	AT5G52110	-0.6302911329883565	0.012003104591707132	0.04913270812872119
dmw=21432	AT5G52540	0.3426641443446651	0.09480597890309506	0.23561641852981094
dmw=21455	AT5G52920	-0.7179621532699397	0.04685630914083368	0.13732588931967485
dmw=21488	AT5G53210	-0.19861524493921742	0.36630229938095094	0.5849404728736122
dmw=21504	AT5G53450	-0.7835513991532636	0.11655992780896028	0.27420611369617476
dmw=21519	AT5G53500	-0.48857941185534515	0.07665141636921387	0.1965092678525984
dmw=21536	AT5G53760	-0.4444997527210651	0.020119992406085092	0.07288304033826694
dmw=21550	AT5G53970	-1.0264068721391189	0.008298298516582219	0.03670721812256719
dmw=21552	AT5G54030	0.08430889327082881	0.7337836960323065	0.8714568459648669
dmw=21554	AT5G54040	-0.1238693515058976	0.403159740523091	0.6211796252978116
dmw=21555	AT5G54050	0.27752442692812457	0.20047549000696585	0.39200397182695496
dmw=21565	AT5G54260	1.1780057986510284	0.006763908503461309	0.03158205187167486
dmw=21567	AT5G54260	-1.2105409616357288	0.0041604793390235695	0.02119945488929852
dmw=21568	AT5G54280	0.37296529716317695	0.04028683374506527	0.12338717225060515
dmw=21574	AT5G54380	0.47125174392343494	0.12289532024359377	0.282919739795328
dmw=21596	AT5G54700	-0.17012819987931388	0.3763775509016546	0.5943212357021559
dmw=21603	AT5G54800	0.5816286668860485	0.00012781285717436744	0.0015540018674269627
dmw=21636	AT5G55220	0.285684058496128	0.28975001748176815	0.49370897329561514
dmw=21648	AT5G55390	-1.0550477702545298	0.040291739472713896	0.12338717225060515
dmw=21654	AT5G55450	-0.02253026949486987	0.8623163165579993	0.9346256652516476
dmw=21655	AT5G55460	-0.2629509235031158	0.1835298794231036	0.3670597588462072
dmw=21683	AT5G55790	0.10511576825496176	0.8288111142392085	0.9197102532225174
dmw=21684	AT5G55790	-0.343059209941641	0.2717974717273607	0.4764980069459957
dmw=21696	AT5G55910	0.0462213210813048	0.8907447745710086	0.9478635902714027
dmw=21700	AT5G55960	0.6052490426214675	0.0034681902214108557	0.01876183961186137
dmw=21703	AT5G56000	0.42378815240073886	0.026618796124296337	0.09079967122398862
dmw=21738	AT5G56490	-0.4598651134125327	0.023922397369053265	0.08275127878647157
dmw=21742	AT5G56530	-0.024352827969489052	0.9119558892888664	0.9571639590142974
dmw=21796	AT5G57320	0.38264824232995037	0.045441582335366375	0.1346188339093154
dmw=21806	AT5G57565	0.8999393255301578	5.107644335003789e-05	0.0008041265696646992
dmw=21818	AT5G57710	-0.8047945051761187	0.00014499456918335376	0.001664049822029518
dmw=21822	AT5G57890	0.5756402894595476	0.03406367479368734	0.10880694609268449
dmw=21843	AT5G58140	-0.8221625560907677	0.013780217807014777	0.054764101834997234
dmw=21876	AT5G58520	0.48115367108187945	0.0013634840941063758	0.009301991486459053
dmw=21907	AT5G59080	-0.7240160907579987	0.2927603266622167	0.49756594561701456
dmw=21931	AT5G59660	-0.7332765990380322	0.0004091588793311831	0.0036674971081656414
dmw=21933	AT5G59670	-0.2871421156202818	0.19574925444143731	0.38646315828631034
dmw=21959	AT5G60050	-0.6618260995162503	0.012918330616790194	0.052183256570455125
dmw=21972	AT5G60210	-0.8020403829758808	2.14640036223176e-06	6.936262223212108e-05
dmw=21987	AT5G60540	0.8387729740453538	0.01120992127213541	0.046822392252320696
dmw=21999	AT5G60690	0.8878845544515916	0.16929249817159311	0.3505753587769247
dmw=22009	AT5G60920	-0.37448089149098224	0.1760855113728644	0.35919104313268685
dmw=22025	AT5G61070	0.20132689164081938	0.10191761489753266	0.24783134870132695
dmw=22126	AT5G62350	-0.31544242434521375	0.4045537553763081	0.621767223532048
dmw=22181	AT5G63020	-0.7210882492356789	0.0025170636027627854	0.014789254087046413
dmw=22211	AT5G63550	0.704213032510803	0.00023468264689280479	0.0023430104909297907
dmw=22226	AT5G63850	0.9511937140179854	3.701575630109183e-05	0.0006313242880241774
dmw=22250	AT5G63980	-0.44113452758125205	0.034321523193557114	0.10890653871237245
dmw=22293	AT5G64470	-0.48457186713605727	0.0465679356153144	0.13680723668805284
dmw=22344	AT5G65280	0.1089914187150289	0.5199711948843895	0.7171164825036531
dmw=22397	AT5G66050	-0.31683526087105673	0.09594208422791906	0.2356337588637692
dmw=22413	AT5G66530	-0.6519120480370261	0.006373724426260549	0.030219820831845382
dmw=22415	AT5G66600	-0.29632201365914135	0.14266808987609259	0.31118368448994976
dmw=22431	AT5G66815	0.10275717899502114	0.6563852564245047	0.8224909131523386
dmw=22454	AT5G67340	0.22807315736516565	0.3217256529437792	0.537522587503348
dmw=22455	AT5G67385	-0.8774712484491282	0.0035032390478198787	0.01886832259088952
dmw=22456	AT5G67385	-0.051218130086949205	0.8333565308821032	0.9206582089804028
dmw=22457	AT5G67385	0.11296167161416325	0.7120815824494318	0.8567161049673115
dmw=22463	AT5G67540	-0.02146200893070778	0.9707072515265426	0.990056897736374
dmw=45	AT1G01780	0.43246800217130876	0.11377851260272044	0.26869233360796285
dmw=1963	AT1G26400	-0.2771881133529669	0.2611327486430974	0.46268158784843516
dmw=2252	AT1G30290	-0.08614794044474708	0.7931148054746162	0.9034740084627354
dmw=2504	AT1G06667	-0.28533618562192	0.5070121255529416	0.7099325999760688
dmw=2554	AT1G34042	-0.07062817712117306	0.8546365334881129	0.931773293757732
dmw=2692	AT1G35890	-0.5107053422809882	0.07538165392455042	0.19469507023415616
dmw=3323	AT1G50160	-0.002623983378320548	0.9926159926638464	0.9947654084492115
dmw=3458	AT1G07763	-0.05153278158751613	0.7774147856003446	0.8941027089665522
dmw=3720	AT1G54890	-0.46577201421695885	0.058476197445127095	0.16246328158962914
dmw=3979	AT1G58265	-0.4131630486591274	0.016234477421994273	0.062495104307865104
dmw=4053	AT1G60025	0.0812784567951629	0.7583802387953857	0.8862063162402176
dmw=4229	AT1G62035	-0.8511031999245482	0.00023127738521759315	0.0023279395823541343
dmw=4575	AT1G08833	-0.42462282855234434	0.008309293418372958	0.03670721812256719
dmw=4721	AT1G67630	-0.1712070034212398	0.4258423993783722	0.6392841887978498
dmw=4723	AT1G67635	-0.31466832705449216	0.09574315378369354	0.23561641852981094
dmw=4806	AT1G68780	-1.1488800535193033	9.596594796928403e-06	0.00022662727712746306
dmw=5122	AT1G73210	-0.2513865859913147	0.6287769874054127	0.8018049226727381
dmw=9	AT1G01180	-0.5328449286296368	0.01160254841422658	0.047674355481896136
dmw=44	AT1G01770	0.8516515792347005	0.052723219487001025	0.15056770588380758
dmw=45	AT1G01770	0.5329281633628781	0.1500233581067402	0.3215160274957713
dmw=49	AT1G01820	0.414976784156983	0.1774809834126319	0.3603292951795163
dmw=50	AT1G01830	-0.2222598160435249	0.659615664595744	0.8248554339343926
dmw=81	AT1G02110	-0.7776434532833703	7.351549740821088e-06	0.0001842388384026183
dmw=131	AT1G03040	0.08104160968289026	0.7128646408293264	0.8567161049673115
dmw=145	AT1G03140	-0.8557778706623982	0.004840505712570149	0.02446148565858495
dmw=158	AT1G03290	-0.3816296919866146	0.08445435881727752	0.21252039472872292
dmw=266	AT1G04790	-0.2856909666138446	0.4858275842238371	0.690101890596732
dmw=266	AT1G04800	0.9879176492112165	1.0325532408575705e-12	1.2679753797730964e-09
dmw=329	AT1G05470	-0.6557280703098496	0.05912913435864573	0.16390649433954166
dmw=330	AT1G05490	0.2537000013647692	0.2061495684673735	0.39721054074152384
dmw=344	AT1G05620	-0.6721668778379869	0.0009355741404679584	0.007013122131083056
dmw=469	AT1G07025	-0.8523075484676352	0.017068860267510966	0.0640995731146895
dmw=485	AT1G07380	0.2158726400735303	0.2614829169110863	0.46268158784843516
dmw=486	AT1G07380	0.33325978146542906	0.047038872557491763	0.13753270357285688
dmw=487	AT1G07380	0.23243639973298277	0.1112423443155966	0.2647395325960322
dmw=499	AT1G07510	-0.37292486163945343	0.053340981875045	0.15127650286964264
dmw=527	AT1G07890	-0.0659008773350701	0.8821530266310453	0.9411676079087087
dmw=540	AT1G07990	0.352186847066742	0.24822465101149288	0.44760627230853633
dmw=561	AT1G08190	-0.3322736570854298	0.18293997804431128	0.366476823879958
dmw=579	AT1G08340	0.030230953397895995	0.9343364328621373	0.972299955351685
dmw=592	AT1G08460	-0.41124226851231016	0.36554509425471027	0.5849404728736122
dmw=593	AT1G08460	-0.15174538594823123	0.6848398023439474	0.8423962032012806
dmw=594	AT1G08465	-0.1238507149170944	0.800257787635363	0.9052611934846994
dmw=603	AT1G08570	0.7299091547716454	0.12977836138558133	0.29507326523011523
dmw=641	AT1G08840	-0.9044804038649573	7.131953761001115e-06	0.00018245915038561186
dmw=653	AT1G08940	-0.3534304729289249	0.24602597573108254	0.44560456961322914
dmw=678	AT1G09160	-1.0163713880605798	4.40720050240768e-07	2.4600191895257414e-05
dmw=685	AT1G09245	-0.3891226350971122	0.19933085211816715	0.39039599107034967
dmw=722	AT1G09760	-0.975760612376171	2.6157054498982306e-07	1.8894625249853102e-05
dmw=811	AT1G10657	-0.5064851235606318	0.5361815242020594	0.7299677513526929
dmw=829	AT1G10850	0.21064645424012413	0.3550562183397752	0.5767315292609047
dmw=877	AT1G11300	-0.04016567117892948	0.8445181910648238	0.9255815288039078
dmw=878	AT1G11303	-0.771683096438868	2.4895090272164386e-05	0.00047767454459715414
dmw=884	AT1G11310	-0.5369900462247686	0.07033372936105475	0.1861418527055501
dmw=892	AT1G11350	-0.8852839679473259	5.628447294604067e-08	6.911733277773794e-06
dmw=895	AT1G11410	-0.8220688303949066	6.908974260214241e-07	3.393688156617236e-05
dmw=900	AT1G11590	-0.28242910612872546	0.16068925048392696	0.340217930334935
dmw=917	AT1G11860	-0.9915410617754136	1.6637335463532015e-06	6.191105439156762e-05
dmw=931	AT1G11960	0.20808807949810892	0.6522269904783684	0.8197899122901089
dmw=936	AT1G12020	-0.5234746210169007	0.06805906949979583	0.1809015959864703
dmw=981	AT1G12640	-0.0705424075414605	0.9154951361764224	0.9592389310790501
dmw=1123	AT1G14530	0.4784009669213734	0.12202812281772563	0.282919739795328
dmw=1124	AT1G14560	0.4925395979341313	0.01430383787530658	0.056298438816911794
dmw=1145	AT1G14710	-0.47546111630738574	0.04218906266986073	0.1276063274842093
dmw=1147	AT1G14770	-0.049815871602575744	0.6891536784689916	0.8462807171599216
dmw=1160	AT1G14910	-0.013963078599349536	0.9789364896551023	0.9922945584412636
dmw=1193	AT1G15510	0.5948514773776581	0.050989464322796704	0.14629687427194943
dmw=1200	AT1G15780	0.18747775143406772	0.4804078451072099	0.6866719015381488
dmw=1257	AT1G16670	0.08661039312198572	0.7740047559221855	0.8916302441580148
dmw=1287	AT1G17070	-0.1080776522623041	0.564152713253216	0.7571361004097806
dmw=1326	AT1G05313	0.13335142783736897	0.7107615103041912	0.8567161049673115
dmw=1330	AT1G17450	-0.16687229608236712	0.6163493468393206	0.7938918529418645
dmw=1354	AT1G17600	-0.1778268266152293	0.438377350464771	0.6501538482738392
dmw=1354	AT1G17610	-0.0452324230881248	0.8397617307298122	0.9223858723937473
dmw=1386	AT1G17920	-0.5914002979725346	0.011594081799132544	0.047674355481896136
dmw=1387	AT1G17920	-0.6021759754520554	0.0030678129252394207	0.01728107464309178
dmw=1388	AT1G17930	-0.053025556163441505	0.7862828898552321	0.9003245459442254
dmw=1398	AT1G18050	-0.011311084272588885	0.9762438793434693	0.9922945584412636
dmw=1424	AT1G18450	-0.11369907697947958	0.6378331889759496	0.8083169825206049
dmw=1435	AT1G18550	0.22096687015537894	0.10775444016359688	0.25864593769144284
dmw=1450	AT1G18660	-0.09851811562988658	0.7375844386739436	0.8734365387575725
dmw=1481	AT1G19110	0.43717019201440527	0.1408340302486748	0.30882890918816547
dmw=1488	AT1G19220	-0.706176998908022	0.0033551224352954627	0.018384261629839718
dmw=1498	AT1G19370	0.1357159275890008	0.5740824857557558	0.7646701630367891
dmw=1499	AT1G05503	0.007676631073930673	0.9790233449219581	0.9922945584412636
dmw=1518	AT1G19750	-0.03432082472500071	0.7739853169032144	0.8916302441580148
dmw=1542	AT1G20132	-0.350326930914102	0.45758714750392193	0.6658330396665437
dmw=1562	AT1G05557	0.013521012178613378	0.9319458057728907	0.9720657941697614
dmw=1562	AT1G20470	-0.05426628543780171	0.5783910191489903	0.7657479448147133
dmw=1606	AT1G20920	0.29110962210296737	0.3035955052406889	0.5114064203505706
dmw=1625	AT1G21060	-0.8342076798331656	8.003819504266135e-06	0.0001965738070247763
dmw=1644	AT1G21230	-0.07797242253852883	0.7780356533437612	0.8941027089665522
dmw=1709	AT1G21890	-0.4325041192797651	0.04512283144941392	0.13449232286378712
dmw=1713	AT1G21980	-0.6559687977173416	0.00044853784184767045	0.003917000592242126
dmw=1715	AT1G08955	0.05973026790985345	0.8207429214304574	0.9157799225085341
dmw=1754	AT1G22720	-0.23062739342879784	0.14123786897183954	0.3091623941130463
dmw=1786	AT1G23030	-0.3499067703425061	0.12220559602441392	0.282919739795328
dmw=1787	AT1G23070	0.12164259495535505	0.3472049447826293	0.5687745682818439
dmw=1801	AT1G23310	-0.9128889685276989	1.5165228117937732e-05	0.0003267175461197813
dmw=1811	AT1G23480	-1.1908101360196415	0.00031746044259775775	0.0029758887290843245
dmw=1819	AT1G23870	-0.22920270057380118	0.8409820135796426	0.9229007262518331
dmw=1834	AT1G24100	-0.4667547142213429	0.0034374211530631502	0.018677668920183844
dmw=1875	AT1G24360	-0.7941505970522282	0.007671836922478253	0.03489265089186406
dmw=1905	AT1G25280	0.07417644616434456	0.8000109778859881	0.9052611934846994
dmw=1961	AT1G26380	-0.2964008956332295	0.23001689891103583	0.4253926985884819
dmw=1962	AT1G26390	-0.025812117124136637	0.8861463253643718	0.9437881071530343
dmw=1964	AT1G26410	-0.17515930225275475	0.4102222409980446	0.628120837837405
dmw=1966	AT1G26420	-0.26725375065789403	0.23621062034205698	0.43358242418542
dmw=1985	AT1G26762	-0.26112917641719063	0.6141082572194927	0.7930506097800293
dmw=2001	AT1G27210	-0.623573690467257	0.035940959668482445	0.11287851271840522
dmw=2007	AT1G27360	0.2524914563378273	0.48677199409070604	0.6902494327290843
dmw=2009	AT1G27370	-0.6525372113779577	0.003925537582860187	0.020426102337933516
dmw=2019	AT1G27430	0.07145003724401983	0.786684232734653	0.9003245459442254
dmw=2069	AT1G27960	0.3541113637432941	0.21664262044313295	0.41055113874099886
dmw=2072	AT1G28000	0.37632019684711004	0.034562190541825674	0.10938755150866478
dmw=2111	AT1G28440	-0.7430946916346293	6.3157556508196005e-06	0.0001723499542045882
dmw=2112	AT1G28440	-0.6948859387632252	0.0006854555273345289	0.005537759128728957
dmw=2113	AT1G28440	-0.7919240740917234	9.216043449537389e-06	0.00022190786972611597
dmw=2124	AT1G28685	-0.46353581526541815	0.14539209263125663	0.3143336087168717
dmw=2124	AT1G28680	-0.4374072761367945	0.0818240425517371	0.20674881533648798
dmw=2147	AT1G29060	-0.06122977460241762	0.8780957710441779	0.9392820827622437
dmw=2182	AT1G29435	-0.8378675629159354	0.003118915125863938	0.017488711299364912
dmw=2183	AT1G29460	-0.9131052146972134	0.00022255871020181433	0.00231808688875094
dmw=2190	AT1G29535	-0.006300026059200502	0.9536131049188461	0.9824135007049858
dmw=2227	AT1G29910	-0.9978330899211197	1.86259673231158e-05	0.0003812114645464367
dmw=2258	AT1G30360	-0.41067067839194504	0.08268847271032738	0.20850399278908013
dmw=2299	AT1G30540	-0.7560861002765092	0.006710234678287854	0.031451023606631615
dmw=2309	AT1G30600	-0.009627879688402114	0.9568652522193417	0.9828843780067511
dmw=2351	AT1G31270	0.030102681018500648	0.8353726481437946	0.9211875106496534
dmw=2376	AT1G31500	0.08771585361006742	0.7024205336106946	0.8538376108794961
dmw=2377	AT1G31500	-0.2895918163589608	0.302190074511135	0.5097382026094419
dmw=2409	AT1G31910	0.10601119747695384	0.674100729674256	0.8344714677822443
dmw=2417	AT1G32000	-0.24775543001915712	0.4383242150405937	0.6501538482738392
dmw=2418	AT1G32010	-0.28465744955392785	0.42488668157230947	0.6392841887978498
dmw=2433	AT1G32180	-0.11828829385692581	0.7497593720701214	0.8808845984663176
dmw=2454	AT1G32450	-0.1797739452210898	0.19191360192448753	0.38072682255778784
dmw=2465	AT1G32520	-0.8626199241111064	0.004152482261955391	0.02119945488929852
dmw=2468	AT1G32550	-0.9946317456554943	0.0062549826118860645	0.03004324623242593
dmw=2473	AT1G32700	-0.14180617079591773	0.8327702399359043	0.9206582089804028
dmw=2484	AT1G32780	-0.7775365661482064	0.0008653691429187666	0.006609137845255903
dmw=2528	AT1G33680	-0.23704783800923931	0.4587589951674753	0.6660311867882633
dmw=2559	AT1G34110	-0.22971804633087864	0.4236386908760671	0.6392841887978498
dmw=2560	AT1G34110	-0.19453995964757492	0.4523977531594212	0.6629408602383882
dmw=2589	AT1G34370	-0.06416431488627124	0.8171021790606313	0.9157799225085341
dmw=2594	AT1G34460	0.20105418260147284	0.22083355855831371	0.41510852052958236
dmw=2595	AT1G34460	0.2845826255590492	0.38863273720161695	0.6066617198853667
dmw=2599	AT1G06783	0.3083143940545476	0.46609076539229444	0.6709958498261871
dmw=2607	AT1G34630	0.45308224519263685	0.23265935190718812	0.4283443540360225
dmw=2612	AT1G34750	-0.01634556814447484	0.9427978952478342	0.9768115188608085
dmw=2618	AT1G34790	-0.114320046566605	0.5247502643751468	0.7189832282044258
dmw=2631	AT1G35220	-0.03221333548544068	0.9178964322824943	0.9609350544270273
dmw=2635	AT1G06833	0.6950615291213951	0.03354727449647621	0.10790348728770258
dmw=2636	AT1G06833	0.3895674160671968	0.0794613631275311	0.20202599155405424
dmw=2637	AT1G35240	0.49502511725205345	0.07690289505257038	0.19674323984282588
dmw=2656	AT1G35515	0.20394973484957132	0.16052980624045868	0.340217930334935
dmw=2664	AT1G35580	-0.6910993034015984	0.002561064955059097	0.014976132213393197
dmw=2666	AT1G35614	0.3540677549723254	0.13740567590634595	0.3030945940753883
dmw=2681	AT1G35710	-0.37940055030273945	0.022785977906098098	0.08017530334867755
dmw=2691	AT1G35820	0.004748097382117583	0.984213983861123	0.9922945584412636
dmw=2692	AT1G35880	-0.32251968055292585	0.14213009151102082	0.3105618369671416
dmw=2695	AT1G35895	0.17400651953415022	0.30469893737090104	0.512562048070502
dmw=2696	AT1G35895	0.010542881310901565	0.9518390166288048	0.981409162401488
dmw=2708	AT1G36160	-0.933306401376539	8.159952724525441e-08	8.149653674532967e-06
dmw=2813	AT1G40104	0.11650772042237234	0.5741253178500973	0.7646701630367891
dmw=2814	AT1G40104	-0.10930011061310968	0.7050418057262289	0.8538376108794961
dmw=2871	AT1G42540	0.593039849882047	0.039573503021833226	0.12210116007741509
dmw=2876	AT1G42960	-0.45355887646486986	0.07922568482617799	0.20184469080196385
dmw=2877	AT1G42970	-0.979241866014679	4.529469702505654e-06	0.0001324330665399272
dmw=2910	AT1G07193	-0.1587078672219204	0.5374503770809133	0.7308848981786948
dmw=2936	AT1G44020	-0.12373085496793822	0.7517430391543767	0.881700527298543
dmw=2942	AT1G44090	0.3029457652696058	0.2868727988509476	0.4927438229851736
dmw=2943	AT1G44100	0.12044109393922627	0.5967741257180958	0.7783379044799043
dmw=2944	AT1G44100	0.034302465229015096	0.8561023770177771	0.931773293757732
dmw=2945	AT1G44100	0.1643049814044189	0.47651865397157633	0.6836038634078222
dmw=2964	AT1G44810	0.1953619532104916	0.404297812258421	0.621767223532048
dmw=3010	AT1G45191	-0.7912543996656872	5.423822177462014e-06	0.00015489427055635703
dmw=3036	AT1G46696	-0.16223907144231078	0.5864989421046196	0.7688046333360066
dmw=3037	AT1G46696	0.36857516351931274	0.2893731057943576	0.49370897329561514
dmw=3049	AT1G47278	0.36460685057660897	0.20230211843351703	0.3937036472842455
dmw=3049	AT1G47280	0.16923001382630648	0.3602979870176708	0.5806377008631229
dmw=3062	AT1G47450	0.016039207580980742	0.964542404628167	0.9874880968474794
dmw=3064	AT1G47480	-0.8088105343059312	0.002974634963536351	0.016833418134666538
dmw=3082	AT1G47578	0.39868503360631696	0.022305039623409236	0.07932069873851527
dmw=3083	AT1G47580	-0.6676994753769896	0.0013540769166580672	0.009301991486459053
dmw=3092	AT1G47657	0.38115153316905204	0.2645690933131481	0.4667971933743475
dmw=3092	AT1G47660	-0.06468962944651391	0.85964861560404	0.9341134822990713
dmw=3097	AT1G47710	-0.043270160488522724	0.8231483954561094	0.9157799225085341
dmw=3151	AT1G48280	-0.18396000871971024	0.35469591977663595	0.5767315292609047
dmw=3156	AT1G48360	0.11717357868942155	0.7046109464104413	0.8538376108794961
dmw=3191	AT1G48660	-0.4785124835196176	0.0668565179429862	0.17925721404800665
dmw=3195	AT1G48760	-0.07046613249285281	0.7736896273270499	0.8916302441580148
dmw=3226	AT1G49210	-0.2889934697664779	0.2929480282419394	0.49756594561701456
dmw=3228	AT1G49225	-0.2790505801397093	0.2007903080449142	0.39200397182695496
dmw=3296	AT1G49990	-0.1551333060119005	0.5546884995773209	0.7477030488265094
dmw=3325	AT1G50180	-0.36754419443021	0.11715712051571817	0.2750840229317436
dmw=3355	AT1G50430	-0.2932996947597801	0.22269223345728517	0.4168689979962594
dmw=3373	AT1G50520	-0.2150154378694793	0.16558787093738545	0.3464086976339171
dmw=3419	AT1G51172	0.2392290317839297	0.3912767312917521	0.6089833029483798
dmw=3433	AT1G51440	-0.7528240529756919	0.006891371826160754	0.031934356990661904
dmw=3443	AT1G51580	-0.44581770703246365	0.04359169197438884	0.13024476336873358
dmw=3444	AT1G51580	-0.3393890924775413	0.1682437805884907	0.3496170527277455
dmw=3499	AT1G52240	-1.0076719818557947	9.332502694980029e-05	0.0012742890816791323
dmw=3505	AT1G52310	-0.5392603448185745	0.02763740085337038	0.09247609876822568
dmw=3588	AT1G53340	-0.6776692257224893	0.00029921809455737654	0.002893226930050853
dmw=3589	AT1G53350	-0.5008542198747294	0.10783934861402178	0.25864593769144284
dmw=3604	AT1G53500	-0.3287381347894972	0.3639048525383951	0.5841637637364483
dmw=3605	AT1G53500	-0.271139924999931	0.14006119293871658	0.3076836224127799
dmw=3637	AT1G54040	-0.7871504872910524	0.00030245885808073816	0.0029017146697120815
dmw=3638	AT1G54060	-0.03764895559665873	0.905859973771838	0.9548463929543495
dmw=3640	AT1G54090	-0.409564790353445	0.15724117681149186	0.3346484664202981
dmw=3677	AT1G54440	0.3086773837243301	0.4237063439262606	0.6392841887978498
dmw=3685	AT1G54510	0.00645006480825112	0.9841064731119566	0.9922945584412636
dmw=3753	AT1G55250	0.08955166454954074	0.7559497479873082	0.8849440329155523
dmw=3754	AT1G55250	0.2267972311566269	0.4520987640933135	0.6629408602383882
dmw=3759	AT1G55320	-0.03972585289886468	0.869716178421122	0.9373567542120625
dmw=3776	AT1G55450	-0.5389359883044289	0.005024339440073716	0.025286429641026734
dmw=3836	AT1G56010	-0.39196000525765234	0.2286469324904986	0.42349688250125533
dmw=3861	AT1G56230	-0.19673827424022095	0.48098887894443065	0.6866719015381488
dmw=3886	AT1G56530	-0.28503706103774046	0.32551413369762194	0.5416414040388614
dmw=3888	AT1G56570	-0.13291365443329783	0.36506618098924914	0.5849404728736122
dmw=3947	AT1G58080	0.5538996745070288	0.04885939203814205	0.14150786184631706
dmw=3949	AT1G58100	-0.021883594221046042	0.9445611423424501	0.9771870958690217
dmw=3978	AT1G58260	-0.40925606057722114	0.18104019088827583	0.36385819052504537
dmw=3983	AT1G58300	-0.16737466812456697	0.2869135530872948	0.4927438229851736
dmw=3995	AT1G58440	0.7210743198992904	0.025960544542255912	0.08880097130331548
dmw=4002	AT1G58602	-0.6865969105218487	9.791383564485776e-05	0.0012928837652890896
dmw=4003	AT1G58602	1.1047291356755804	0.0015562509839001978	0.010016826193485519
dmw=4166	AT1G61360	-0.3109434015368235	0.08714836249905886	0.2184044676507026
dmw=4204	AT1G61760	0.0995715284236042	0.6388762362284888	0.8088041423593652
dmw=4228	AT1G62030	-0.9476794961163084	5.085429766908931e-08	6.911733277773794e-06
dmw=4249	AT1G62310	0.31555127336125816	0.2725648418543567	0.4764980069459957
dmw=4263	AT1G62560	-0.8778332968807384	3.904995835635213e-07	2.3976674430800207e-05
dmw=4276	AT1G62760	-0.532401253500541	0.03986706773448624	0.12269864455626343
dmw=4294	AT1G62975	-0.6601258618167548	0.0003571751562471584	0.0033228113020568975
dmw=4301	AT1G63050	0.33632047188188335	0.3558633627483465	0.5769709596767474
dmw=4329	AT1G63310	-0.17837842446650945	0.7623349358992436	0.8871272856974174
dmw=4355	AT1G63690	-0.7358433265743374	0.009805341582794436	0.04195456259119013
dmw=4394	AT1G64280	-0.6870933764568621	0.021377922684990083	0.07653670279057674
dmw=4402	AT1G64380	-0.16797599191637325	0.8449323239325575	0.9255815288039078
dmw=4472	AT1G65070	0.335805733534733	0.20442030777456205	0.39656893830515355
dmw=4513	AT1G09775	-0.296386550757016	0.016548999611076098	0.06291693969783729
dmw=4542	AT1G65840	-0.3797162554617277	0.1309332513178699	0.29507326523011523
dmw=4543	AT1G65840	-0.11069874286589582	0.7049023643972676	0.8538376108794961
dmw=4549	AT1G65950	0.26612940915829775	0.6102419419958349	0.7896492147216916
dmw=4554	AT1G65990	0.1009161041961672	0.523339454706109	0.7189832282044258
dmw=4559	AT1G66100	-1.0209015080129893	2.9228560182316146e-10	1.196422396796141e-07
dmw=4562	AT1G66140	-0.05911770245324292	0.8625643581552285	0.9346256652516476
dmw=4566	AT1G66173	-0.6252786372358209	0.0007990186130567608	0.006289710620728861
dmw=4567	AT1G66200	-0.6499455773339785	0.2495392592377438	0.44931702396473516
dmw=4571	AT1G66250	-0.06970138760359727	0.6279256294339	0.8015516350777849
dmw=4574	AT1G66300	-0.0021846984680550245	0.9939553388983571	0.9947654084492115
dmw=4575	AT1G09805	-0.3547231801593615	0.017160523945038364	0.0642411361183068
dmw=4577	AT1G66320	-0.3070388767287844	0.2429105900236879	0.44253801806083787
dmw=4578	AT1G66330	-0.8349832939890587	0.008341348577425562	0.036713892663364125
dmw=4607	AT1G66720	-0.032010355270125565	0.9094745308453267	0.956194112909299
dmw=4620	AT1G66880	-0.2858993200884964	0.16972571426911298	0.3508807695664491
dmw=4719	AT1G67580	0.1547249131140656	0.6900083997252799	0.8464838310316122
dmw=4770	AT1G68110	-0.09242893522049432	0.5155709169453129	0.7137780000099709
dmw=4771	AT1G68120	-0.3081565961188997	0.24813507899152307	0.44760627230853633
dmw=4776	AT1G68190	-0.9999488537921707	6.7242898341787e-07	3.393688156617236e-05
dmw=4777	AT1G68210	0.20799326323285364	0.4345237409907069	0.6479596639504263
dmw=4783	AT1G68350	-0.031652168347569766	0.9115878353780588	0.9571639590142974
dmw=4785	AT1G68400	-0.6596660958843764	0.0038755889459366967	0.020287665526067297
dmw=4789	AT1G68470	-0.24853032871192682	0.21100796114460021	0.4025599447276731
dmw=4811	AT1G68845	-0.38360582405253985	0.19913522164232852	0.39039599107034967
dmw=4812	AT1G68870	0.00781944789270281	0.9688424514183614	0.990056897736374
dmw=4812	AT1G68872	-0.46781786513312545	0.05466539140974796	0.1539658271815837
dmw=4813	AT1G68872	-0.43113439291553884	0.13409727941410302	0.2996683978748806
dmw=4846	AT1G69080	-0.1269193916449231	0.7213883934856719	0.8634161278756384
dmw=4879	AT1G69570	-0.4632363406210228	0.0846652221239315	0.21261532263433106
dmw=4888	AT1G69710	-0.12327271238930046	0.65410599547235	0.820472076036819
dmw=4898	AT1G69940	0.044754998025711326	0.8079499198675951	0.9094844099886775
dmw=4902	AT1G69990	0.058461958763015055	0.8379544666657605	0.9215706669925533
dmw=4947	AT1G70750	-0.34613823243351766	0.28730014434640416	0.4927438229851736
dmw=4950	AT1G70790	-0.8017459662035784	8.792117042159859e-05	0.0012268999690650349
dmw=4951	AT1G70790	-0.7436201390011843	0.003976675155374885	0.02060488223966396
dmw=4952	AT1G70830	-0.4246444209103576	0.025145919665095075	0.08625471885121998
dmw=4953	AT1G70890	-0.5929200982460417	0.006287552346688489	0.03004324623242593
dmw=4958	AT1G71030	-1.0837402186062501	0.00975249966774448	0.041874369202763016
dmw=4963	AT1G71140	-1.0623126419675708	6.257123711826601e-07	3.3407599644013325e-05
dmw=4964	AT1G71140	-1.0417813585992441	2.825949873499021e-07	1.92792580258711e-05
dmw=5038	AT1G72080	-0.17781738188457105	0.42725046262937716	0.6406148572757939
dmw=5076	AT1G72530	-0.08158596640709062	0.7111308363770799	0.8567161049673115
dmw=5084	AT1G72600	0.10231415822066169	0.7280798149083818	0.8671988484068796
dmw=5147	AT1G09387	-0.048371016154772815	0.8382690839012068	0.9215706669925533
dmw=5150	AT1G73630	-0.7766376962427396	3.203401444133429e-05	0.0005699873108930269
dmw=5164	AT1G73750	-1.2645468589442086	0.01443464508437062	0.05659569273127944
dmw=5197	AT1G74088	0.005232063737086401	0.9831801114994893	0.9922945584412636
dmw=5198	AT1G74090	-0.521117852821658	0.00022724483418374376	0.00231808688875094
dmw=5259	AT1G74780	-0.0016532790697525368	0.9938338433175399	0.9947654084492115
dmw=5291	AT1G75295	0.0571510980542386	0.7718925011300551	0.8916302441580148
dmw=5324	AT1G76170	0.2516818910833798	0.25650880175190865	0.4574833261814928
dmw=5345	AT1G76540	0.07945235487046723	0.6265320567510503	0.8015516350777849
dmw=5350	AT1G76620	-0.4083950035894173	0.012628670677486891	0.05135101851640365
dmw=5361	AT1G76720	-0.1972604574202705	0.7617626221050835	0.8871272856974174
dmw=5380	AT1G76900	0.2004362187101139	0.694255049493562	0.8500655316316544
dmw=5420	AT1G77420	0.13488539503143737	0.5250358205216713	0.7189832282044258
dmw=5448	AT1G77620	0.3193939434938556	0.7620703668213397	0.8871272856974174
dmw=5452	AT1G77720	0.1368835576398005	0.3590717147851765	0.5794218998110338
dmw=5477	AT1G78240	-0.569925267071789	0.05430265686685353	0.1532957761666578
dmw=5487	AT1G78550	-0.10391320451912583	0.7394245831249759	0.8747720501709734
dmw=5489	AT1G78570	-0.654099342570454	0.0001427897881853133	0.0016542062253921204
dmw=5522	AT1G78980	-0.05110912978226581	0.8740012081211821	0.9373567542120625
dmw=5547	AT1G79270	-0.08909414150499112	0.7252128965188142	0.8646227542962173
dmw=5562	AT1G79380	-0.8458476837606627	0.0011053935958303725	0.007984843151057044
dmw=5562	AT1G79390	0.14948613292432059	0.5826418078063764	0.7668640299959595
dmw=5639	AT1G80070	-0.2348960635824809	0.2639124150799076	0.4663085549901101
dmw=5699	AT2G01008	0.10984699153670262	0.6212626243065281	0.7988591650768759
dmw=5701	AT2G03875	0.03282206215868692	0.869786377021204	0.9373567542120625
dmw=5703	AT2G01023	0.2834265931886319	0.4080280527822503	0.6257907650090745
dmw=5703	AT2G00340	-0.28903176151553894	0.33771938815945035	0.5551799312714927
dmw=5737	AT2G01420	-0.7770675323544409	0.001473078224054976	0.009778054373727084
dmw=6150	AT2G00450	-0.3751335973768963	0.36933409736883216	0.5861016699114888
dmw=6200	AT2G07655	-0.5423228155466738	0.001019080108662923	0.007493595050527361
dmw=6205	AT2G05155	0.7204270621287464	0.01142579203106518	0.04756228004795946
dmw=6210	AT2G07676	0.002393503241408119	0.9939534612983305	0.9947654084492115
dmw=6211	AT2G05165	0.027812781295269276	0.9048682118440665	0.9546204159317128
dmw=6224	AT2G00460	-0.6103897794589539	0.01949488541137218	0.0708275718496007
dmw=6233	AT2G05225	-0.7980812929519422	4.414433423492511e-06	0.0001322176644889952
dmw=6234	AT2G05235	-0.2715517723967021	0.36793962466833463	0.5860309456455447
dmw=6247	AT2G07638	-0.653735427509262	6.59046033615477e-05	0.0009634625348569117
dmw=6258	AT2G07642	-0.6262161190467506	0.003635297377667597	0.019409326868590475
dmw=6260	AT2G07644	-0.5481104573133097	0.011569278856997807	0.047674355481896136
dmw=6271	AT2G07721	-0.4167848299846559	0.018344629403499294	0.06744672127993154
dmw=6272	AT2G07722	0.2076224497951334	0.3301856012768478	0.5471901732361256
dmw=6273	AT2G07652	0.9645824665382252	0.020829739053104975	0.07479216244799096
dmw=6284	AT2G07827	-0.4645520448233907	0.018187124731816648	0.06706843594796048
dmw=6292	AT2G05365	-0.25710268663242286	0.27254081356696463	0.4764980069459957
dmw=6293	AT2G07738	0.19742508138390355	0.3510105503724049	0.5731927604485548
dmw=6294	AT2G07795	-0.39883693002729764	0.022413910799889903	0.07932069873851527
dmw=6295	AT2G07763	-0.7115047192426934	0.00014756939928270072	0.0016779187251773748
dmw=6296	AT2G07662	-0.6701937190916825	1.912422464579795e-05	0.0003849925879514735
dmw=6298	AT2G07665	-0.3143080364906676	0.2572524940703865	0.45754153274532544
dmw=6299	AT2G00510	-0.4277064740018315	0.022915259222432437	0.08039982378613438
dmw=6373	AT2G10545	-0.05258039164549851	0.8207745945038076	0.9157799225085341
dmw=6376	AT2G10550	0.10134998158865904	0.7584713667495674	0.8862063162402176
dmw=6382	AT2G10606	-0.5732795041127645	0.041617798586980545	0.12681552522285883
dmw=6481	AT2G05705	0.18919109243026708	0.585903505640743	0.7688046333360066
dmw=6531	AT2G05855	-0.19075902000045544	0.5014580598087114	0.706992534380135
dmw=6654	AT2G14395	0.3870051116707343	0.2443094254908077	0.4438046960099288
dmw=6694	AT2G14870	-0.4829906549362072	0.04338881033687958	0.1299547782772881
dmw=6711	AT2G15042	0.7597223393110444	0.016426872504194754	0.06264658209674273
dmw=6737	AT2G15292	-0.0669622730627614	0.8372514187430591	0.9215706669925533
dmw=6946	AT2G17880	-0.13034854021241346	0.715776575911266	0.8575352538722288
dmw=7630	AT2G26120	0.39874835780318135	0.17315650524516973	0.35406731593076385
dmw=7900	AT2G29540	-0.18998667500522018	0.6699927552288374	0.8319020257037536
dmw=7937	AT2G30115	0.2866502824865677	0.3291733391337227	0.5462498114273128
dmw=8231	AT2G33540	-0.3124139059534272	0.5806080926676498	0.7657479448147133
dmw=8503	AT2G36870	-0.28251414629935095	0.33702796728358453	0.5548854256128464
dmw=5700	AT2G01008	0.22494108550007866	0.2856631448546936	0.492054595856798
dmw=5701	AT2G03865	-0.04887077042627581	0.8788559552881253	0.9392820827622437
dmw=5702	AT2G03875	0.18956188786417386	0.4020334199267154	0.6202224116457369
dmw=5751	AT2G01590	-1.1296044973757549	0.0005548986242826721	0.004635479664075655
dmw=5756	AT2G01660	-0.5740230118847879	0.0037674265691052164	0.019941378564056922
dmw=5778	AT2G01918	-1.240008809232642	2.0700808316496733e-06	6.87043043585351e-05
dmw=5788	AT2G01990	-0.8295688743442007	9.742745557764278e-05	0.0012928837652890896
dmw=5890	AT2G03640	-0.5184040648910782	0.014482896487330544	0.05659569273127944
dmw=5897	AT2G03690	-0.3398432573848522	0.2218462831101036	0.41591944375451484
dmw=5898	AT2G03730	-0.37127603642449114	0.16351456559956837	0.34265509651240605
dmw=5914	AT2G03965	0.15368246771027327	0.6966791516375136	0.8512656698615588
dmw=5917	AT2G03980	-0.4076412596682125	0.1632378725778653	0.34265509651240605
dmw=5955	AT2G04378	-0.3698929766972772	0.247964129400903	0.44760627230853633
dmw=5970	AT2G04570	-0.09845606628281625	0.42887269223547475	0.6422630073965403
dmw=5991	AT2G04850	0.17420574046698536	0.5388320520673109	0.7319532742684267
dmw=5998	AT2G04940	-0.1048369529234327	0.5976975927724346	0.7783379044799043
dmw=6003	AT2G05060	-0.7649431703758421	0.0033684518458582543	0.018384261629839718
dmw=6005	AT2G05100	-1.0486658811603133	0.00013737448151635912	0.0016378239155542622
dmw=6031	AT2G05360	0.1847103434416163	0.3638693493758436	0.5841637637364483
dmw=6032	AT2G05370	-0.6721209147424541	0.00169646002646049	0.010683348269197342
dmw=6056	AT2G04985	-0.3176913254060827	0.6757182332346591	0.8347907348210878
dmw=6056	AT2G04995	-0.12091327873956144	0.7789226164457712	0.8941027089665522
dmw=6061	AT2G05850	0.24056378329613534	0.2144509063748437	0.40765590252060074
dmw=6069	AT2G05940	-0.8960322789495052	0.014517624764131128	0.05659569273127944
dmw=6104	AT2G06510	-0.4026678560637234	0.09525426766760237	0.23561641852981094
dmw=6106	AT2G06530	-0.2596640626581706	0.5728199885556772	0.7645901586373604
dmw=6162	AT2G07213	0.11380119939436778	0.7075126097878237	0.8551431937199286
dmw=6163	AT2G07213	0.10443777083495986	0.7000358579488678	0.8528214618662794
dmw=6166	AT2G07240	-0.037498418712207056	0.8936165413042733	0.9497845976934254
dmw=6167	AT2G07240	-0.0024481796557894505	0.995295596660596	0.995295596660596
dmw=6201	AT2G07779	0.0997706033107784	0.5427893757398119	0.7348901360622812
dmw=6204	AT2G07621	-0.07905225551665986	0.7471801367875088	0.8797096912512568
dmw=6214	AT2G07669	-0.5213106105399207	0.11183825503874617	0.26513007179069553
dmw=6215	AT2G07681	-0.622248096189694	0.000648498947979896	0.005309044720795415
dmw=6219	AT2G07626	-0.44569083507728474	0.05310698053305734	0.1509615094782278
dmw=6220	AT2G07774	-0.5970720588467628	0.00657485567261046	0.030934569984542696
dmw=6223	AT2G07687	-0.6416572421101293	0.0024510462236531708	0.014470599820413913
dmw=6224	AT2G07629	-0.09071084005092965	0.666856791416272	0.8298532029149649
dmw=6230	AT2G07633	-0.1589291629947	0.4516649449656357	0.6629408602383882
dmw=6232	AT2G05195	-0.8019547217624392	0.0005759624733600172	0.004778931873554737
dmw=6237	AT2G07695	-0.13896825514816283	0.45752706670135845	0.6658330396665437
dmw=6238	AT2G07599	-0.3365481571500383	0.14667521380444562	0.31599502202080565
dmw=6240	AT2G07798	-0.5753510112715295	0.0020686519193430586	0.012513815551493971
dmw=6241	AT2G07698	-0.7676182673068775	0.0007026600205574701	0.005639650361075643
dmw=6242	AT2G07667	-0.3455906903791156	0.06612809950574791	0.17808181182688254
dmw=6243	AT2G07667	-0.40616891271198274	0.0583042215005814	0.16235279819209514
dmw=6244	AT2G07667	-0.27593150415110007	0.203264862836049	0.39495134740928506
dmw=6248	AT2G07638	-0.6595767997519988	1.7708451987259724e-05	0.0003685759159382193
dmw=6249	AT2G07706	-0.38191531242375953	0.03541751240620219	0.11151975701234947
dmw=6259	AT2G07643	-0.21866733343107125	0.21557440409888567	0.40915821983528844
dmw=6260	AT2G07643	-0.36158305291327775	0.1373856441253641	0.3030945940753883
dmw=6262	AT2G07714	-0.44880231984854324	0.07608757789559077	0.19547185283637128
dmw=6263	AT2G07646	-0.24543691501231682	0.4433321030465014	0.655128546980871
dmw=6264	AT2G07715	-0.8393305819887908	2.739769610101079e-05	0.0004947701590006066
dmw=6265	AT2G07715	-0.7727039201436542	0.0064457262108352145	0.03044366071886786
dmw=6269	AT2G07718	-0.549333750093267	0.11403591649832291	0.26878331182330234
dmw=6270	AT2G07648	-0.13512085272443505	0.49752370568591964	0.7025192740657816
dmw=6275	AT2G07725	-0.45440425338144763	0.07182167851832295	0.18765323663936295
dmw=6276	AT2G07656	-0.2136525489126736	0.24325176074191007	0.44253801806083787
dmw=6277	AT2G07656	-0.14345409138513185	0.41828536467012	0.6349251270888843
dmw=6278	AT2G07656	-0.2123758666067785	0.25138174222468623	0.4512965240229824
dmw=6285	AT2G07827	-0.4903148537053039	0.012263011558171546	0.05002982788516498
dmw=6286	AT2G07787	-0.3012086720747063	0.2999748814428729	0.5066975989158843
dmw=6287	AT2G07659	-0.2362395025996405	0.37955852530987444	0.5961812136941882
dmw=6288	AT2G07775	-0.1642120276316908	0.4173647328370407	0.6349251270888843
dmw=6289	AT2G07806	-0.7392173188390971	0.00044975332533073273	0.003917000592242126
dmw=6290	AT2G07806	-0.6592909482027234	0.00011816696927784114	0.0014807044721753973
dmw=6291	AT2G07806	-0.6670044123227217	0.00036019314786514425	0.0033256931246496025
dmw=6295	AT2G05375	-0.886628952619017	0.0006095552758313195	0.005023717306851412
dmw=6296	AT2G05385	-0.12709553054542852	0.6943124822691771	0.8500655316316544
dmw=6297	AT2G00500	-0.6111356745373848	0.006197712330809597	0.03004324623242593
dmw=6298	AT2G00500	-0.7389322795717465	0.0022538243928822807	0.013435419196405052
dmw=6300	AT2G07835	-0.7371416015248412	0.0013823437019146062	0.009378552850558764
dmw=6312	AT2G07981	-0.14217109022447957	0.4555194452630901	0.6658330396665437
dmw=6313	AT2G08986	-0.030829005450320926	0.863843754121026	0.9346256652516476
dmw=6314	AT2G08986	-0.08194940087785499	0.6241409771881348	0.8008830929854017
dmw=6357	AT2G05465	-0.5397448107465281	0.15294659913751402	0.32664073694063867
dmw=6369	AT2G05505	0.21660356619072912	0.5231797334511044	0.7189832282044258
dmw=6378	AT2G10553	0.6565232359501486	0.003585658381050294	0.019227897344671445
dmw=6396	AT2G10940	-0.9476086134040974	9.04301130188884e-09	2.7762044696798738e-06
dmw=6397	AT2G10950	-0.24909988122278948	0.17967718996112442	0.3617108020856734
dmw=6398	AT2G10950	-0.19197575250359614	0.37653250926406945	0.5943212357021559
dmw=6404	AT2G11005	0.00708061148277902	0.9793812196517799	0.9922945584412636
dmw=6406	AT2G11010	0.4961166313271002	0.047720754221025855	0.13919497905800415
dmw=6443	AT2G11810	-0.795586907596767	0.001411309495538598	0.009462045426087338
dmw=6547	AT2G13360	-1.1322231212143132	0.00044941054119895335	0.003917000592242126
dmw=6549	AT2G13360	-1.1647197910333966	8.297618923627171e-07	3.6390985850764876e-05
dmw=6564	AT2G13430	0.059491284148355035	0.8738782687397838	0.9373567542120625
dmw=6565	AT2G13430	-0.2280209486533273	0.46584673197702864	0.6709958498261871
dmw=6574	AT2G13550	0.40029513834140035	0.03365393781041538	0.10790348728770258
dmw=6602	AT2G13840	-0.013663242554416692	0.958072150223193	0.9828843780067511
dmw=6619	AT2G14080	-1.0727196189286892	0.0029346158072405685	0.016683834311534345
dmw=6636	AT2G14255	0.4823513610174472	0.1224399582120571	0.282919739795328
dmw=6667	AT2G00570	-0.11997828697936873	0.6500270099619487	0.8178618526980257
dmw=6668	AT2G14560	-0.4906299753558625	0.04569725349870626	0.13489477715483483
dmw=6685	AT2G14750	-0.5475960191418605	0.00044087750138066035	0.003917000592242126
dmw=6710	AT2G06355	-0.6730714185080624	0.0008428769165360798	0.00659269333443507
dmw=6714	AT2G15050	-1.0116247573420738	2.085573085107564e-08	3.6586910693029836e-06
dmw=6717	AT2G15090	-0.6832571191031004	0.03146940937642451	0.10250513186803528
dmw=6722	AT2G15110	-0.5884439148502303	0.2456655591591975	0.44560456961322914
dmw=6725	AT2G15170	-0.5384060110537359	0.018583648185237563	0.06791880943890395
dmw=6757	AT2G15530	0.2157894057602665	0.31674077043379884	0.530638016497551
dmw=6778	AT2G15820	-0.2769211535143841	0.14917697667344654	0.3202610618094272
dmw=6825	AT2G16500	-0.10092827424681283	0.5774972458003469	0.7657479448147133
dmw=6831	AT2G16586	0.2137895093136915	0.5784869316082824	0.7657479448147133
dmw=6918	AT2G17550	-0.8980732293833155	0.017211183862315096	0.0642411361183068
dmw=6922	AT2G17630	-0.059620811851805275	0.5971857600532304	0.7783379044799043
dmw=6931	AT2G17730	-0.6616268720295587	0.006070707546510862	0.029582654234584674
dmw=7005	AT2G18670	0.1749529823851277	0.6370001237163898	0.8080951982683127
dmw=7037	AT2G18960	-0.22912198931687344	0.2387397108674696	0.4356201559364824
dmw=7038	AT2G18960	-0.533119080209796	0.02415926670828905	0.08333589752185099
dmw=7074	AT2G19390	-0.15416673672941683	0.5111267093624223	0.710830803054422
dmw=7084	AT2G19420	-0.2696885625505721	0.1541194608492586	0.3285741283383499
dmw=7108	AT2G19670	-0.23108325626024312	0.36941587338069404	0.5861016699114888
dmw=7161	AT2G20250	0.6646269382729272	0.005877533530054215	0.028920911840690847
dmw=7173	AT2G20300	0.7008968935342808	0.003242866534670206	0.01785757894428257
dmw=7182	AT2G20360	0.15859212658428465	0.44328409088164644	0.655128546980871
dmw=7223	AT2G20950	-1.0817216252732602	9.339252227290058e-05	0.0012742890816791323
dmw=7234	AT2G21090	-0.062304467095242774	0.697867163929141	0.8518696593488918
dmw=7251	AT2G21380	0.3898483919760188	0.5650525626826616	0.7574460373292068
dmw=7286	AT2G00720	-0.19151096713288826	0.4135727004013263	0.6316757165333691
dmw=7356	AT2G22720	-0.5440009849928936	0.04641282784491705	0.13667854338982768
dmw=7364	AT2G22840	-0.13433099239585913	0.5028696810081736	0.7072743182923773
dmw=7367	AT2G22870	-0.17586734373055332	0.5059319661663206	0.7099325999760688
dmw=7368	AT2G22890	0.04047432880199784	0.799735356621764	0.9052611934846994
dmw=7379	AT2G23080	-0.0363628153564561	0.8953833438262857	0.950329080569299
dmw=7380	AT2G23090	-0.21287511672615997	0.5424394283482302	0.7348901360622812
dmw=7386	AT2G23200	-0.5048201402011188	0.2747588510522139	0.4792668595058504
dmw=7422	AT2G23740	-0.3265374687509011	0.18999864827248686	0.378149659770849
dmw=7423	AT2G23740	-0.30278631309657117	0.20663902274721802	0.39721054074152384
dmw=7424	AT2G23770	-0.7153916172636822	0.00011122364945790864	0.0014377120161506505
dmw=7448	AT2G24070	-0.190573119877912	0.368570510325673	0.5861016699114888
dmw=7457	AT2G24200	-0.14149705292805193	0.6251926980139868	0.8013952329448599
dmw=7458	AT2G24205	-0.2884210866701466	0.4081908817363751	0.6257907650090745
dmw=7463	AT2G24280	-0.0467038331820129	0.807035127519484	0.9094844099886775
dmw=7482	AT2G24600	-0.3095969330050874	0.03144990035691977	0.10250513186803528
dmw=7496	AT2G24720	0.07979419621392977	0.744640587489596	0.878363373058965
dmw=7504	AT2G24820	0.6970233782442621	0.01764073659062635	0.06544659979845667
dmw=7517	AT2G25050	-0.7081020327348118	0.00012656525981858885	0.0015540018674269627
dmw=7566	AT2G25630	-0.009693110735850786	0.9568924123076141	0.9828843780067511
dmw=7629	AT2G26080	-0.8164341361494145	0.0001690184382199222	0.0018698616408474276
dmw=7660	AT2G26470	-0.16124103498247272	0.3497430604395132	0.5718834596800562
dmw=7721	AT2G27050	-0.4711938575955388	0.005887807785156932	0.028920911840690847
dmw=7722	AT2G27060	-0.7568182543460916	1.6516891421138298e-06	6.191105439156762e-05
dmw=7754	AT2G27360	-0.3127232534313696	0.12413842834025625	0.2844066977646169
dmw=7761	AT2G27510	0.20996630265259014	0.45884558959517163	0.6660311867882633
dmw=7805	AT2G28250	-0.48602656520661286	0.00547889862597725	0.027129385131855095
dmw=7807	AT2G28260	-0.7059902619189586	0.00018011797724919382	0.001957388283734602
dmw=7813	AT2G28290	-0.006193393177474028	0.9819673135127704	0.9922945584412636
dmw=7854	AT2G28630	-0.7781751418407065	2.5811654123945257e-05	0.0004802532009727996
dmw=7904	AT2G29630	-0.6644154828963176	0.0809868996875922	0.20505549034301696
dmw=7951	AT2G30490	-0.6589762775782112	0.009495453372933305	0.04091374295425298
dmw=7952	AT2G30505	0.046225773652867265	0.8130192717703987	0.9126029851316724
dmw=7973	AT2G30766	-0.16605393898841275	0.7790634353373053	0.8941027089665522
dmw=7973	AT2G30770	-0.1445242917949086	0.6071255864565388	0.7872758396712034
dmw=7987	AT2G30920	-0.7430643205113139	0.00018767656380400078	0.0020216387750115173
dmw=8112	AT2G32010	-0.8719917375990002	0.005408585201655288	0.026889646265719408
dmw=8156	AT2G32710	-0.7434251011880724	0.0012210206803824697	0.008768499388945455
dmw=8192	AT2G33051	-0.24086792425125197	0.14537786609782802	0.3143336087168717
dmw=8193	AT2G33060	-0.8343143963219363	1.5063906111574225e-08	3.625459700037063e-06
dmw=8194	AT2G33070	-0.05647082993983285	0.7046749718569931	0.8538376108794961
dmw=8251	AT2G33810	-0.4785975584305406	0.06001511670685948	0.16598775521626902
dmw=8271	AT2G34110	0.33737480357248767	0.36391309385861803	0.5841637637364483
dmw=8271	AT2G34100	-0.3528401551639609	0.2898731023991356	0.49370897329561514
dmw=8272	AT2G34100	-0.8149895769084716	0.009434608938667939	0.04079471752353602
dmw=8292	AT2G34430	-1.0146914117858028	2.050156242113776e-06	6.87043043585351e-05
dmw=8333	AT2G34920	-0.660749824077658	4.2124079225157805e-05	0.0006990320174120782
dmw=8334	AT2G34920	-0.6933394961803949	1.2181144351655178e-06	5.1580845737353655e-05
dmw=8340	AT2G34970	-0.07562987686527313	0.7414669839349426	0.8755014002616437
dmw=8377	AT2G08735	-0.21297462200874304	0.3945932440765917	0.611953033073543
dmw=8413	AT2G35880	-0.14726307627122356	0.4671818789822607	0.6717790953047028
dmw=8439	AT2G36380	0.20623280424523419	0.6996979492084392	0.8528214618662794
dmw=8475	AT2G36750	-0.5781904919188878	0.007927514627356323	0.03579039692056458
dmw=8504	AT2G36880	-0.47286955284661336	0.12096979329202913	0.2824161714118094
dmw=8505	AT2G36910	-0.4505392071582083	0.03955375719978483	0.12210116007741509
dmw=8507	AT2G36910	0.15048252788324143	0.5811702643056293	0.7657479448147133
dmw=8515	AT2G37025	0.1268089269878777	0.6230325873111098	0.8002970891402121
dmw=8516	AT2G37030	-0.6610253261920576	0.0038824115623988724	0.020287665526067297
dmw=8546	AT2G37640	0.1027596628389914	0.8490216523524776	0.9284047988324511
dmw=8552	AT2G37710	-0.5315721989096305	0.011608006750070801	0.047674355481896136
dmw=8556	AT2G37800	-0.02966844442744375	0.8293646324790453	0.9197102532225174
dmw=8566	AT2G37930	-0.3340027874232983	0.06497526798971032	0.17652572807823955
dmw=8579	AT2G38040	-0.1070538998274979	0.6691946566835705	0.8317520631654094
dmw=8595	AT2G38370	0.1675724958880209	0.8295437785371595	0.9197102532225174
dmw=8692	AT2G39570	-0.6388778010292332	0.04980654221344109	0.14377281877631468
dmw=8706	AT2G39730	-1.0382751202068359	0.003763967628310576	0.019941378564056922
dmw=8709	AT2G39770	-0.5489036993201885	0.0015579916962180247	0.010016826193485519
dmw=8710	AT2G39770	-0.4508841415164749	0.010140214943244583	0.04323674982744565
dmw=8713	AT2G39805	-0.04694913603032554	0.6406191631992932	0.8096237768936352
dmw=8721	AT2G39920	-0.6698089896062456	0.001292251221538775	0.008965449152822687
dmw=8809	AT2G40960	-1.2460566305856347	0.0001574432697214563	0.0017576394110722577
dmw=8812	AT2G40990	0.22104074080199493	0.48159919765909376	0.6866719015381488
dmw=8888	AT2G41910	0.14109042616365292	0.5266031229220458	0.7194285768757946
dmw=8889	AT2G41920	-0.3123767807467823	0.12494043776166816	0.28518003266046194
dmw=8931	AT2G42520	0.06739588756686749	0.7912055804956641	0.9021359822178975
dmw=8933	AT2G42580	-0.2907708824753808	0.28531400147473607	0.492054595856798
dmw=8944	AT2G42670	0.5477580452289277	0.1244653197808498	0.28462460463851685
dmw=8950	AT2G42840	0.6770140041326675	0.007867463967611068	0.03565035332924868
dmw=9000	AT2G43440	-1.014462497989209	0.0012437347555850965	0.008876564771334802
dmw=9001	AT2G43445	-0.3682120114523089	0.2819467535263459	0.4883365491260265
dmw=9028	AT2G43865	0.45646000367148004	0.16234180348377894	0.34168009053451526
dmw=9052	AT2G44210	-1.0295860919992208	0.00046853440165377897	0.004023498218397487
dmw=9053	AT2G44220	-1.0316390406632876	7.575769614989653e-05	0.0010883132613036446
dmw=9071	AT2G44710	0.3305156226011891	0.21910302681489732	0.41330033322380016
dmw=9076	AT2G44830	-0.07121429175512507	0.7727219845075891	0.8916302441580148
dmw=9109	AT2G45470	-0.2989198668295545	0.5807659283309984	0.7657479448147133
dmw=9122	AT2G45560	-0.7023985013695996	0.23686865497392007	0.434141355683543
dmw=9143	AT2G45910	0.2710795905224493	0.28795803921865953	0.49318336424060516
dmw=9183	AT2G46520	-0.14861884987396315	0.43502829520665853	0.6479596639504263
dmw=9218	AT2G47210	-0.48463181762109914	0.03205934176249165	0.10360229390615722
dmw=9220	AT2G47230	0.13688932696326042	0.5251856316770114	0.7189832282044258
